[
{
    "model": "sessions.session",
    "pk": "6oejm5769dcdviqrih81ltqz5f0vqrzq",
    "fields": {
        "session_data": ".eJxVjMsOwiAQRf-FtSGUNy7d-w0EZgapGkhKuzL-uzbpQrf3nHNfLKZtrXEbtMQZ2Zlpz06_Y07woLYTvKd26xx6W5c5813hBx382pGel8P9O6hp1G8NQAaoQAnFWx-UEg5DRl0I5WQUgrei-ILWgUxAkMIEQZMLQhojhWXvD0bIOOo:1pPckY:qIYP4hbkrMWP06UnWhrQ3hAlNLucP_FwXymKjgwnWt4",
        "expire_date": "2023-02-22T05:12:06.409Z"
    }
},
{
    "model": "sessions.session",
    "pk": "939lhmm8mc8jsng9qltlyfjd8vsxpsf8",
    "fields": {
        "session_data": ".eJxVjDsOwjAQBe_iGll2HP8o6TmDtd714gCKpTipEHeHSCmgfTPzXiLBtta09bKkicRZmChOv2MGfJR5J3SH-dYktnldpix3RR60y2uj8rwc7t9BhV6_NasYBl9oYAuAXFQwqBGZfXHRB4BIxiGPTjuvrB-zBcpIwepoWA8g3h8y_Tjb:1pQMXw:NLtVIXzBT6j4x-hterjQHqSYiVu3SJ_Nny1jzyaOPuE",
        "expire_date": "2023-02-24T06:06:08.570Z"
    }
},
{
    "model": "sessions.session",
    "pk": "j54tp36rg8iix3a10yxhr3n965zu1zjp",
    "fields": {
        "session_data": ".eJxVjDsOwjAQBe_iGll2HP8o6TmDtd714gCKpTipEHeHSCmgfTPzXiLBtta09bKkicRZmChOv2MGfJR5J3SH-dYktnldpix3RR60y2uj8rwc7t9BhV6_NasYBl9oYAuAXFQwqBGZfXHRB4BIxiGPTjuvrB-zBcpIwepoWA8g3h8y_Tjb:1pMk2N:wiDuryMd6K2FVuG7ZbYZwrrB-usZi4ezqFDbY3nFTXA",
        "expire_date": "2023-02-14T06:22:35.233Z"
    }
},
{
    "model": "sessions.session",
    "pk": "ja7p5mi3y180yxrea1xytdsu21hz7fqu",
    "fields": {
        "session_data": ".eJxVjM0OwiAQhN-FsyFA2S3r0bvPQPhZpWogKe3J-O62SQ96mmS-b-YtfFiX4tfOs5-yOAs9itNvGUN6ct1JfoR6bzK1usxTlLsiD9rltWV-XQ7376CEXrZ1JBgBnCar0WJmVkDE6ebMFhmsHjCANZEBo7NomNSQMWhShDwgiM8X4hM24w:1pUfaq:8ecycf07hI5s1OZmB7edtWXUEqIA3ZDlKOAZyGwquOw",
        "expire_date": "2023-03-08T03:14:56.411Z"
    }
},
{
    "model": "sessions.session",
    "pk": "jy5x27cmmqornfzia4qp6kt5l6l7vvjw",
    "fields": {
        "session_data": "e30:1pMJdr:MMjfsiZinDtpEH5WQ9dKSAoIBKAY55FRaLIcdF-C8Zs",
        "expire_date": "2023-02-13T02:11:31.923Z"
    }
},
{
    "model": "sessions.session",
    "pk": "ltj54sqzaf0kjbobceojmbzfvza5txnj",
    "fields": {
        "session_data": ".eJxVjM0OwiAQhN-FsyFA2S3r0bvPQPhZpWogKe3J-O62SQ96mmS-b-YtfFiX4tfOs5-yOAs9itNvGUN6ct1JfoR6bzK1usxTlLsiD9rltWV-XQ7376CEXrZ1JBgBnCar0WJmVkDE6ebMFhmsHjCANZEBo7NomNSQMWhShDwgiM8X4hM24w:1pOVMZ:q2IjdjIlfCRmVY_wHtHcQmkpZNzaxqD7o44XM1ci3w4",
        "expire_date": "2023-02-19T03:06:43.946Z"
    }
},
{
    "model": "sessions.session",
    "pk": "mn7y10t19h92f4iu0p5zow5bf5gki8eq",
    "fields": {
        "session_data": ".eJxVjEEOwiAQRe_C2hDCIAWX7j0DmRlGqRpISrtqvLtt0oVu_3vvryrhMpe0dJnSmNVFOatOvyMhv6TuJD-xPprmVudpJL0r-qBd31qW9_Vw_w4K9rLVPpA16JnReohucEZCjI7PBoCJshnQocRNcdZaRPIEDGS8D_cMIurzBfp9OB8:1pRSC0:6xPU0IGAOoMKoF4ygD_Fjnw2uQOqI12LqksgNIDClK8",
        "expire_date": "2023-02-27T06:20:00.046Z"
    }
},
{
    "model": "sessions.session",
    "pk": "n4xez1yoaba3pzcw3plkcg9bpu1xi63m",
    "fields": {
        "session_data": ".eJxVjDsOwjAQBe_iGll2HP8o6TmDtd714gCKpTipEHeHSCmgfTPzXiLBtta09bKkicRZmChOv2MGfJR5J3SH-dYktnldpix3RR60y2uj8rwc7t9BhV6_NasYBl9oYAuAXFQwqBGZfXHRB4BIxiGPTjuvrB-zBcpIwepoWA8g3h8y_Tjb:1pPEvh:dVWSd0sx7skH9z9e1iSgkyx17LhbfzlT68yR1UNNSsY",
        "expire_date": "2023-02-21T03:46:01.898Z"
    }
},
{
    "model": "accounts.user",
    "fields": {
        "password": "pbkdf2_sha256$390000$6nIgUDeijFeY1VKHnb44ZA$7yJSxkC+YIzOZo1hg5adT5fW45OWVJ0FZjG+lzv5qY0=",
        "first_name": "test1",
        "last_name": "test1",
        "username": "test1",
        "email": "yy67@rice.edu",
        "phone_number": "",
        "role": 1,
        "date_joined": "2023-01-30T00:43:19.870Z",
        "last_login": "2023-02-22T03:14:56.401Z",
        "created_date": "2023-01-30T00:43:19.870Z",
        "modified_date": "2023-01-31T04:48:06.826Z",
        "is_admin": false,
        "is_staff": false,
        "is_active": true,
        "is_superadmin": false
    }
},
{
    "model": "accounts.user",
    "fields": {
        "password": "pbkdf2_sha256$390000$exhkAwsBeNobl0x2gcMUL0$ZOMFyCFbXAKU7A+MHi8DT0RXv1Wi+k+Br1QfInQSijI=",
        "first_name": "yue",
        "last_name": "yu",
        "username": "yueyu",
        "email": "lastmidnoon1@gmail.com",
        "phone_number": "",
        "role": null,
        "date_joined": "2023-01-30T08:19:40.652Z",
        "last_login": "2023-02-12T02:53:54.062Z",
        "created_date": "2023-01-30T08:19:40.652Z",
        "modified_date": "2023-01-30T08:21:12.867Z",
        "is_admin": true,
        "is_staff": true,
        "is_active": true,
        "is_superadmin": true
    }
},
{
    "model": "accounts.user",
    "fields": {
        "password": "pbkdf2_sha256$390000$Sj1yx9EJqrzR9qOlAs1gVB$BDRIrDiAYeWSE58C4s9nn0KNV4BiyBRjBWbb67z0N5A=",
        "first_name": "Yue",
        "last_name": "Yu",
        "username": "customer",
        "email": "lastmidnoon@gmail.com",
        "phone_number": "6016691931",
        "role": 2,
        "date_joined": "2023-01-31T02:56:24.006Z",
        "last_login": "2023-02-21T07:51:43.876Z",
        "created_date": "2023-01-31T02:56:24.006Z",
        "modified_date": "2023-02-13T07:18:20.593Z",
        "is_admin": false,
        "is_staff": false,
        "is_active": true,
        "is_superadmin": false
    }
},
{
    "model": "accounts.user",
    "fields": {
        "password": "pbkdf2_sha256$390000$1hBbM4DGIDYiI9QRNesgkT$+5X2RNWHRp14aGc9PQZotLXkk0dyyURjd/h3eJIDFP8=",
        "first_name": "Second",
        "last_name": "Restaurant",
        "username": "secondrestaurant",
        "email": "598796750@qq.com",
        "phone_number": "",
        "role": 1,
        "date_joined": "2023-02-03T04:02:07.986Z",
        "last_login": "2023-02-12T03:05:35.346Z",
        "created_date": "2023-02-03T04:02:07.986Z",
        "modified_date": "2023-02-03T04:04:10.095Z",
        "is_admin": false,
        "is_staff": false,
        "is_active": true,
        "is_superadmin": false
    }
},
{
    "model": "accounts.user",
    "fields": {
        "password": "pbkdf2_sha256$390000$StobegiMabKmfxSX2wolgU$9GyL0BUtQfJNBQRtUTmy50oy7z8nMDEsjIVdeSqtrvQ=",
        "first_name": "test11111",
        "last_name": "test1111122",
        "username": "thirdvendor12",
        "email": "third@gmail.com",
        "phone_number": "",
        "role": 1,
        "date_joined": "2023-02-04T05:08:27.514Z",
        "last_login": "2023-02-04T05:08:27.514Z",
        "created_date": "2023-02-04T05:08:27.514Z",
        "modified_date": "2023-02-08T05:04:39.245Z",
        "is_admin": false,
        "is_staff": false,
        "is_active": true,
        "is_superadmin": false
    }
},
{
    "model": "accounts.user",
    "fields": {
        "password": "pbkdf2_sha256$390000$A5m4damuVZQtQkaQsuMhS4$+rXCNQCWQTM0hqml4NF6Y59tFYN9r4eXpQ9d6Hi2GBk=",
        "first_name": "Happy",
        "last_name": "Lamp",
        "username": "happylamp",
        "email": "happylamp@gmail.com",
        "phone_number": "",
        "role": 1,
        "date_joined": "2023-02-08T05:01:56.820Z",
        "last_login": "2023-02-12T01:19:12.337Z",
        "created_date": "2023-02-08T05:01:56.820Z",
        "modified_date": "2023-02-08T05:04:45.358Z",
        "is_admin": false,
        "is_staff": false,
        "is_active": true,
        "is_superadmin": false
    }
},
{
    "model": "accounts.user",
    "fields": {
        "password": "pbkdf2_sha256$390000$S02GM2udukKwx7RDfA3C20$h4MJgGL0wP3FpTxhYwUTGX4o1+N3+fFlFx+vyJXLwWc=",
        "first_name": "Pepper",
        "last_name": "Twins",
        "username": "peppertwins",
        "email": "peppertwins@gmail.com",
        "phone_number": "",
        "role": 1,
        "date_joined": "2023-02-08T05:03:04.829Z",
        "last_login": "2023-02-12T02:33:24.903Z",
        "created_date": "2023-02-08T05:03:04.829Z",
        "modified_date": "2023-02-08T05:04:50.509Z",
        "is_admin": false,
        "is_staff": false,
        "is_active": true,
        "is_superadmin": false
    }
},
{
    "model": "accounts.user",
    "fields": {
        "password": "pbkdf2_sha256$390000$JqjZ6amhdsC1RUbYhMaq2t$pJ4ib1X/rcjgxVNd6JwQ1ZF9u8+8mlZ7vZAa/Pa6ILE=",
        "first_name": "Spicy",
        "last_name": "Girl",
        "username": "spicygirl",
        "email": "spicygirl@gmail.com",
        "phone_number": "",
        "role": 1,
        "date_joined": "2023-02-08T05:03:52.756Z",
        "last_login": "2023-02-12T02:52:03.221Z",
        "created_date": "2023-02-08T05:03:52.756Z",
        "modified_date": "2023-02-08T05:04:54.361Z",
        "is_admin": false,
        "is_staff": false,
        "is_active": true,
        "is_superadmin": false
    }
},
{
    "model": "accounts.user",
    "fields": {
        "password": "pbkdf2_sha256$390000$qVegKnFqd5JG3LBKrw72xk$F4W70YxkmJ+AXXaG8+jZzsW07ZQV9/xcGkpJCJhH1TY=",
        "first_name": "Yue",
        "last_name": "Yu",
        "username": "newuser",
        "email": "newuser@gmail.com",
        "phone_number": "",
        "role": 2,
        "date_joined": "2023-02-21T07:33:45.234Z",
        "last_login": "2023-02-21T07:33:45.234Z",
        "created_date": "2023-02-21T07:33:45.234Z",
        "modified_date": "2023-02-21T07:33:45.276Z",
        "is_admin": false,
        "is_staff": false,
        "is_active": false,
        "is_superadmin": false
    }
},
{
    "model": "accounts.userprofile",
    "pk": 17,
    "fields": {
        "user": [
            "yy67@rice.edu"
        ],
        "profile_picture": "users/profile_pictures/pizza-600x600.jpg",
        "cover_photo": "users/cover_photos/cover-photo-4_c5MPNvX.PNG",
        "address": "Pizza Italia, Thousand Oaks Drive, San Antonio, TX, USA",
        "country": "United States",
        "state": "Texas",
        "city": "Houston",
        "pin_code": "77010",
        "latitude": "29.7538813",
        "longitude": "-95.3624495",
        "location": "SRID=4326;POINT (-95.3624495 29.7538813)",
        "created_at": "2023-01-30T00:43:19.872Z",
        "modified_at": "2023-02-22T03:14:56.408Z"
    }
},
{
    "model": "accounts.userprofile",
    "pk": 39,
    "fields": {
        "user": [
            "lastmidnoon1@gmail.com"
        ],
        "profile_picture": "",
        "cover_photo": "",
        "address": null,
        "country": null,
        "state": null,
        "city": null,
        "pin_code": null,
        "latitude": null,
        "longitude": null,
        "location": null,
        "created_at": "2023-01-30T08:19:40.655Z",
        "modified_at": "2023-02-12T02:53:54.069Z"
    }
},
{
    "model": "accounts.userprofile",
    "pk": 42,
    "fields": {
        "user": [
            "lastmidnoon@gmail.com"
        ],
        "profile_picture": "users/profile_pictures/avatar2.png",
        "cover_photo": "users/cover_photos/cover-photo-1_VAhGVwd.PNG",
        "address": "7490 Brompton Square Drive, Houston, TX, USA",
        "country": "United States",
        "state": "Texas",
        "city": "Houston",
        "pin_code": "77025",
        "latitude": "29.6986038",
        "longitude": "-95.42268159999999",
        "location": "SRID=4326;POINT (-95.42268159999999 29.6986038)",
        "created_at": "2023-01-31T02:56:24.009Z",
        "modified_at": "2023-02-21T07:51:43.884Z"
    }
},
{
    "model": "accounts.userprofile",
    "pk": 43,
    "fields": {
        "user": [
            "598796750@qq.com"
        ],
        "profile_picture": "users/profile_pictures/tuna-fish.jpg",
        "cover_photo": "users/cover_photos/cover-photo-5.PNG",
        "address": "Sushi Wabi, Richmond Avenue, Houston, TX, USA",
        "country": "United States",
        "state": "Texas",
        "city": "Houston",
        "pin_code": null,
        "latitude": "29.732217",
        "longitude": "-95.4407865",
        "location": "SRID=4326;POINT (-95.4407865 29.732217)",
        "created_at": "2023-02-03T04:02:07.988Z",
        "modified_at": "2023-02-12T03:05:35.354Z"
    }
},
{
    "model": "accounts.userprofile",
    "pk": 46,
    "fields": {
        "user": [
            "happylamp@gmail.com"
        ],
        "profile_picture": "users/profile_pictures/seafood-600x600.jpg",
        "cover_photo": "users/cover_photos/cover-photo-1.PNG",
        "address": "Happy Lamb Hot Pot, Houston Bellaire, Bellaire Boulevard, Houston, TX, USA",
        "country": "United States",
        "state": "Texas",
        "city": "Houston",
        "pin_code": "77036",
        "latitude": "29.7057123",
        "longitude": "-95.5342932",
        "location": "SRID=4326;POINT (-95.5342932 29.7057123)",
        "created_at": "2023-02-08T05:01:56.823Z",
        "modified_at": "2023-02-12T01:19:12.344Z"
    }
},
{
    "model": "accounts.userprofile",
    "pk": 47,
    "fields": {
        "user": [
            "peppertwins@gmail.com"
        ],
        "profile_picture": "users/profile_pictures/steam-rice.jpg",
        "cover_photo": "users/cover_photos/cover-photo-3_55DS3kP.PNG",
        "address": "Pepper Twins, Kirby Drive, Houston, TX, USA",
        "country": "United States",
        "state": "Texas",
        "city": "Houston",
        "pin_code": "77098",
        "latitude": "29.7317724",
        "longitude": "-95.41774319999999",
        "location": "SRID=4326;POINT (-95.41774319999999 29.7317724)",
        "created_at": "2023-02-08T05:03:04.831Z",
        "modified_at": "2023-02-12T02:33:24.910Z"
    }
},
{
    "model": "accounts.userprofile",
    "pk": 48,
    "fields": {
        "user": [
            "spicygirl@gmail.com"
        ],
        "profile_picture": "users/profile_pictures/profile-picture-2.PNG",
        "cover_photo": "users/cover_photos/cover-photo-1_e76JXqB.PNG",
        "address": "Spicy Girl, Winbern Street, Houston, TX, USA",
        "country": "United States",
        "state": "Texas",
        "city": "Houston",
        "pin_code": "77002",
        "latitude": "29.738943",
        "longitude": "-95.38008380000001",
        "location": "SRID=4326;POINT (-95.38008380000001 29.738943)",
        "created_at": "2023-02-08T05:03:52.758Z",
        "modified_at": "2023-02-12T02:52:03.228Z"
    }
},
{
    "model": "accounts.userprofile",
    "pk": 49,
    "fields": {
        "user": [
            "newuser@gmail.com"
        ],
        "profile_picture": "",
        "cover_photo": "",
        "address": null,
        "country": null,
        "state": null,
        "city": null,
        "pin_code": null,
        "latitude": null,
        "longitude": null,
        "location": null,
        "created_at": "2023-02-21T07:33:45.238Z",
        "modified_at": "2023-02-21T07:33:45.279Z"
    }
},
{
    "model": "vendor.vendor",
    "pk": 2,
    "fields": {
        "user": [
            "yy67@rice.edu"
        ],
        "user_profile": 17,
        "vendor_name": "Pizza Italian",
        "vendor_slug": "pizza-italian",
        "vendor_license": "vendor/license/burger-600x600.jpg",
        "is_approved": true,
        "created_at": "2023-01-30T00:43:19.989Z",
        "modified_at": "2023-02-11T21:33:22.315Z"
    }
},
{
    "model": "vendor.vendor",
    "pk": 3,
    "fields": {
        "user": [
            "598796750@qq.com"
        ],
        "user_profile": 43,
        "vendor_name": "Japanese Sushi",
        "vendor_slug": "japanese-sushi",
        "vendor_license": "vendor/license/license.jpg",
        "is_approved": true,
        "created_at": "2023-02-03T04:02:08.005Z",
        "modified_at": "2023-02-04T05:01:05.329Z"
    }
},
{
    "model": "vendor.vendor",
    "pk": 5,
    "fields": {
        "user": [
            "happylamp@gmail.com"
        ],
        "user_profile": 46,
        "vendor_name": "Happy Lamp",
        "vendor_slug": "happy-lamp-46",
        "vendor_license": "vendor/license/license_6Bi9wpv.jpg",
        "is_approved": true,
        "created_at": "2023-02-08T05:01:56.854Z",
        "modified_at": "2023-02-08T05:06:41.562Z"
    }
},
{
    "model": "vendor.vendor",
    "pk": 6,
    "fields": {
        "user": [
            "peppertwins@gmail.com"
        ],
        "user_profile": 47,
        "vendor_name": "Pepper Twins",
        "vendor_slug": "pepper-twins-47",
        "vendor_license": "vendor/license/license_lDwd88Q.jpg",
        "is_approved": true,
        "created_at": "2023-02-08T05:03:04.839Z",
        "modified_at": "2023-02-08T05:09:48.372Z"
    }
},
{
    "model": "vendor.vendor",
    "pk": 7,
    "fields": {
        "user": [
            "spicygirl@gmail.com"
        ],
        "user_profile": 48,
        "vendor_name": "Spicy Girl",
        "vendor_slug": "spicy-girl-48",
        "vendor_license": "vendor/license/license_X8PqjWv.jpg",
        "is_approved": true,
        "created_at": "2023-02-08T05:03:52.765Z",
        "modified_at": "2023-02-08T05:12:33.820Z"
    }
},
{
    "model": "vendor.openinghour",
    "pk": 9,
    "fields": {
        "vendor": 2,
        "day": 1,
        "from_hour": "08:00 AM",
        "to_hour": "02:00 PM",
        "is_closed": false
    }
},
{
    "model": "vendor.openinghour",
    "pk": 10,
    "fields": {
        "vendor": 2,
        "day": 2,
        "from_hour": "08:00 AM",
        "to_hour": "02:00 PM",
        "is_closed": false
    }
},
{
    "model": "vendor.openinghour",
    "pk": 18,
    "fields": {
        "vendor": 2,
        "day": 3,
        "from_hour": "08:00 AM",
        "to_hour": "08:00 PM",
        "is_closed": false
    }
},
{
    "model": "vendor.openinghour",
    "pk": 19,
    "fields": {
        "vendor": 2,
        "day": 4,
        "from_hour": "09:00 AM",
        "to_hour": "07:00 PM",
        "is_closed": false
    }
},
{
    "model": "vendor.openinghour",
    "pk": 20,
    "fields": {
        "vendor": 2,
        "day": 5,
        "from_hour": "08:00 AM",
        "to_hour": "09:30 PM",
        "is_closed": false
    }
},
{
    "model": "vendor.openinghour",
    "pk": 22,
    "fields": {
        "vendor": 2,
        "day": 7,
        "from_hour": "09:00 AM",
        "to_hour": "12:00 PM",
        "is_closed": false
    }
},
{
    "model": "vendor.openinghour",
    "pk": 23,
    "fields": {
        "vendor": 5,
        "day": 1,
        "from_hour": "08:00 AM",
        "to_hour": "08:00 PM",
        "is_closed": false
    }
},
{
    "model": "vendor.openinghour",
    "pk": 24,
    "fields": {
        "vendor": 5,
        "day": 2,
        "from_hour": "08:00 AM",
        "to_hour": "07:00 PM",
        "is_closed": false
    }
},
{
    "model": "vendor.openinghour",
    "pk": 25,
    "fields": {
        "vendor": 5,
        "day": 3,
        "from_hour": "08:00 AM",
        "to_hour": "09:00 PM",
        "is_closed": false
    }
},
{
    "model": "vendor.openinghour",
    "pk": 26,
    "fields": {
        "vendor": 5,
        "day": 4,
        "from_hour": "08:00 AM",
        "to_hour": "09:30 PM",
        "is_closed": false
    }
},
{
    "model": "vendor.openinghour",
    "pk": 27,
    "fields": {
        "vendor": 5,
        "day": 5,
        "from_hour": "08:00 AM",
        "to_hour": "08:30 PM",
        "is_closed": false
    }
},
{
    "model": "vendor.openinghour",
    "pk": 28,
    "fields": {
        "vendor": 5,
        "day": 6,
        "from_hour": "08:00 AM",
        "to_hour": "09:30 PM",
        "is_closed": false
    }
},
{
    "model": "vendor.openinghour",
    "pk": 30,
    "fields": {
        "vendor": 6,
        "day": 1,
        "from_hour": "07:30 PM",
        "to_hour": "10:00 PM",
        "is_closed": false
    }
},
{
    "model": "vendor.openinghour",
    "pk": 37,
    "fields": {
        "vendor": 2,
        "day": 1,
        "from_hour": "08:30 PM",
        "to_hour": "11:30 PM",
        "is_closed": false
    }
},
{
    "model": "vendor.openinghour",
    "pk": 38,
    "fields": {
        "vendor": 2,
        "day": 6,
        "from_hour": "08:00 AM",
        "to_hour": "11:30 PM",
        "is_closed": false
    }
},
{
    "model": "vendor.openinghour",
    "pk": 39,
    "fields": {
        "vendor": 6,
        "day": 2,
        "from_hour": "07:30 AM",
        "to_hour": "08:30 PM",
        "is_closed": false
    }
},
{
    "model": "vendor.openinghour",
    "pk": 40,
    "fields": {
        "vendor": 6,
        "day": 3,
        "from_hour": "09:00 AM",
        "to_hour": "08:30 PM",
        "is_closed": false
    }
},
{
    "model": "vendor.openinghour",
    "pk": 41,
    "fields": {
        "vendor": 6,
        "day": 4,
        "from_hour": "09:00 AM",
        "to_hour": "09:30 PM",
        "is_closed": false
    }
},
{
    "model": "vendor.openinghour",
    "pk": 42,
    "fields": {
        "vendor": 6,
        "day": 5,
        "from_hour": "11:30 AM",
        "to_hour": "11:00 PM",
        "is_closed": false
    }
},
{
    "model": "vendor.openinghour",
    "pk": 45,
    "fields": {
        "vendor": 7,
        "day": 1,
        "from_hour": "12:30 AM",
        "to_hour": "07:00 PM",
        "is_closed": false
    }
},
{
    "model": "vendor.openinghour",
    "pk": 46,
    "fields": {
        "vendor": 7,
        "day": 2,
        "from_hour": "10:30 AM",
        "to_hour": "08:30 PM",
        "is_closed": false
    }
},
{
    "model": "vendor.openinghour",
    "pk": 47,
    "fields": {
        "vendor": 7,
        "day": 3,
        "from_hour": "08:00 AM",
        "to_hour": "08:30 PM",
        "is_closed": false
    }
},
{
    "model": "vendor.openinghour",
    "pk": 48,
    "fields": {
        "vendor": 7,
        "day": 4,
        "from_hour": "08:00 AM",
        "to_hour": "10:00 PM",
        "is_closed": false
    }
},
{
    "model": "vendor.openinghour",
    "pk": 49,
    "fields": {
        "vendor": 7,
        "day": 5,
        "from_hour": "08:00 AM",
        "to_hour": "11:30 PM",
        "is_closed": false
    }
},
{
    "model": "vendor.openinghour",
    "pk": 50,
    "fields": {
        "vendor": 7,
        "day": 6,
        "from_hour": "08:30 AM",
        "to_hour": "07:30 PM",
        "is_closed": false
    }
},
{
    "model": "vendor.openinghour",
    "pk": 51,
    "fields": {
        "vendor": 7,
        "day": 7,
        "from_hour": "08:00 AM",
        "to_hour": "11:30 PM",
        "is_closed": false
    }
},
{
    "model": "vendor.openinghour",
    "pk": 52,
    "fields": {
        "vendor": 3,
        "day": 1,
        "from_hour": "08:00 AM",
        "to_hour": "11:00 PM",
        "is_closed": false
    }
},
{
    "model": "vendor.openinghour",
    "pk": 53,
    "fields": {
        "vendor": 3,
        "day": 2,
        "from_hour": "08:30 AM",
        "to_hour": "11:00 PM",
        "is_closed": false
    }
},
{
    "model": "vendor.openinghour",
    "pk": 54,
    "fields": {
        "vendor": 3,
        "day": 3,
        "from_hour": "08:00 AM",
        "to_hour": "11:00 PM",
        "is_closed": false
    }
},
{
    "model": "vendor.openinghour",
    "pk": 55,
    "fields": {
        "vendor": 3,
        "day": 4,
        "from_hour": "08:30 AM",
        "to_hour": "11:30 PM",
        "is_closed": false
    }
},
{
    "model": "vendor.openinghour",
    "pk": 56,
    "fields": {
        "vendor": 3,
        "day": 5,
        "from_hour": "07:00 AM",
        "to_hour": "11:30 PM",
        "is_closed": false
    }
},
{
    "model": "vendor.openinghour",
    "pk": 57,
    "fields": {
        "vendor": 3,
        "day": 7,
        "from_hour": "08:30 AM",
        "to_hour": "10:00 PM",
        "is_closed": false
    }
},
{
    "model": "vendor.openinghour",
    "pk": 58,
    "fields": {
        "vendor": 3,
        "day": 6,
        "from_hour": "08:00 AM",
        "to_hour": "11:00 PM",
        "is_closed": false
    }
},
{
    "model": "menu.category",
    "pk": 1,
    "fields": {
        "vendor": 2,
        "category_name": "Burgers",
        "slug": "burgers",
        "description": "Delicious burgers!",
        "created_at": "2023-02-02T03:42:14.844Z",
        "updated_at": "2023-02-02T03:42:14.844Z"
    }
},
{
    "model": "menu.category",
    "pk": 2,
    "fields": {
        "vendor": 2,
        "category_name": "Pizza",
        "slug": "pizza",
        "description": "Yummy Pizza!",
        "created_at": "2023-02-02T03:43:55.646Z",
        "updated_at": "2023-02-02T07:17:26.160Z"
    }
},
{
    "model": "menu.category",
    "pk": 3,
    "fields": {
        "vendor": 2,
        "category_name": "Sea food",
        "slug": "sea-food",
        "description": "Fresh sea food!",
        "created_at": "2023-02-02T03:44:28.935Z",
        "updated_at": "2023-02-02T03:44:28.935Z"
    }
},
{
    "model": "menu.category",
    "pk": 4,
    "fields": {
        "vendor": 2,
        "category_name": "Chicken",
        "slug": "chicken",
        "description": "Baked chicken!",
        "created_at": "2023-02-02T03:44:51.109Z",
        "updated_at": "2023-02-02T03:44:51.109Z"
    }
},
{
    "model": "menu.category",
    "pk": 5,
    "fields": {
        "vendor": 2,
        "category_name": "Drinks",
        "slug": "drinks",
        "description": "",
        "created_at": "2023-02-02T06:23:42.277Z",
        "updated_at": "2023-02-02T06:23:42.277Z"
    }
},
{
    "model": "menu.category",
    "pk": 9,
    "fields": {
        "vendor": 3,
        "category_name": "Sushi",
        "slug": "sushi",
        "description": "very tasty",
        "created_at": "2023-02-03T04:22:31.108Z",
        "updated_at": "2023-02-03T04:22:31.108Z"
    }
},
{
    "model": "menu.category",
    "pk": 10,
    "fields": {
        "vendor": 3,
        "category_name": "Soup",
        "slug": "soup",
        "description": "sweat",
        "created_at": "2023-02-03T04:45:27.728Z",
        "updated_at": "2023-02-03T04:45:27.728Z"
    }
},
{
    "model": "menu.category",
    "pk": 12,
    "fields": {
        "vendor": 5,
        "category_name": "Beef",
        "slug": "beef",
        "description": "",
        "created_at": "2023-02-08T05:07:30.438Z",
        "updated_at": "2023-02-08T05:07:45.826Z"
    }
},
{
    "model": "menu.category",
    "pk": 13,
    "fields": {
        "vendor": 5,
        "category_name": "Lamp",
        "slug": "lamp",
        "description": "",
        "created_at": "2023-02-08T05:07:38.617Z",
        "updated_at": "2023-02-08T05:07:38.617Z"
    }
},
{
    "model": "menu.category",
    "pk": 14,
    "fields": {
        "vendor": 6,
        "category_name": "Chickens",
        "slug": "chickens",
        "description": "",
        "created_at": "2023-02-08T05:10:33.099Z",
        "updated_at": "2023-02-08T05:10:33.099Z"
    }
},
{
    "model": "menu.category",
    "pk": 15,
    "fields": {
        "vendor": 6,
        "category_name": "Hot soup",
        "slug": "hot-soup",
        "description": "",
        "created_at": "2023-02-08T05:11:15.555Z",
        "updated_at": "2023-02-08T05:11:15.555Z"
    }
},
{
    "model": "menu.category",
    "pk": 16,
    "fields": {
        "vendor": 7,
        "category_name": "Spicy chicken",
        "slug": "spicy-chicken",
        "description": "",
        "created_at": "2023-02-08T05:12:50.680Z",
        "updated_at": "2023-02-08T05:12:50.680Z"
    }
},
{
    "model": "menu.category",
    "pk": 17,
    "fields": {
        "vendor": 7,
        "category_name": "Spicy beef",
        "slug": "spicy-beef",
        "description": "",
        "created_at": "2023-02-08T05:13:01.959Z",
        "updated_at": "2023-02-08T05:13:01.959Z"
    }
},
{
    "model": "menu.fooditem",
    "pk": 1,
    "fields": {
        "vendor": 2,
        "category": 1,
        "food_title": "Swiss Burger",
        "slug": "swiss-burger",
        "description": "Delicious Food item",
        "price": "14.00",
        "image": "foodimages/profile-picture-3.PNG",
        "is_available": true,
        "created_at": "2023-02-02T03:58:33.194Z",
        "updated_at": "2023-02-03T02:16:19.937Z"
    }
},
{
    "model": "menu.fooditem",
    "pk": 2,
    "fields": {
        "vendor": 2,
        "category": 4,
        "food_title": "Fried Chicken",
        "slug": "fried-chicken",
        "description": "",
        "price": "15.00",
        "image": "foodimages/chicken-600x600.jpg",
        "is_available": true,
        "created_at": "2023-02-02T03:59:18.549Z",
        "updated_at": "2023-02-02T03:59:18.549Z"
    }
},
{
    "model": "menu.fooditem",
    "pk": 3,
    "fields": {
        "vendor": 2,
        "category": 4,
        "food_title": "Barbeque Chicken",
        "slug": "barbeque-chicken",
        "description": "",
        "price": "25.00",
        "image": "foodimages/chicken-barbeque.jpg",
        "is_available": false,
        "created_at": "2023-02-02T03:59:43.357Z",
        "updated_at": "2023-02-03T03:58:41.585Z"
    }
},
{
    "model": "menu.fooditem",
    "pk": 4,
    "fields": {
        "vendor": 2,
        "category": 3,
        "food_title": "Sea Food One",
        "slug": "sea-food-one",
        "description": "",
        "price": "40.00",
        "image": "foodimages/seafood-600x600.jpg",
        "is_available": true,
        "created_at": "2023-02-02T04:00:18.041Z",
        "updated_at": "2023-02-02T04:00:18.041Z"
    }
},
{
    "model": "menu.fooditem",
    "pk": 5,
    "fields": {
        "vendor": 2,
        "category": 2,
        "food_title": "Pizza One",
        "slug": "pizza-one",
        "description": "",
        "price": "20.00",
        "image": "foodimages/italian-pizza-600x600.jpg",
        "is_available": true,
        "created_at": "2023-02-02T04:00:44.537Z",
        "updated_at": "2023-02-02T04:00:44.537Z"
    }
},
{
    "model": "menu.fooditem",
    "pk": 6,
    "fields": {
        "vendor": 2,
        "category": 2,
        "food_title": "Itallian Pizza",
        "slug": "itallian-pizza",
        "description": "",
        "price": "14.00",
        "image": "foodimages/pizza-600x600.jpg",
        "is_available": true,
        "created_at": "2023-02-02T04:01:07.800Z",
        "updated_at": "2023-02-02T04:01:07.800Z"
    }
},
{
    "model": "menu.fooditem",
    "pk": 9,
    "fields": {
        "vendor": 5,
        "category": 12,
        "food_title": "Garlic Beef",
        "slug": "garlic-beef",
        "description": "",
        "price": "24.00",
        "image": "foodimages/tuna-fish.jpg",
        "is_available": true,
        "created_at": "2023-02-08T05:08:08.826Z",
        "updated_at": "2023-02-08T05:08:08.826Z"
    }
},
{
    "model": "menu.fooditem",
    "pk": 10,
    "fields": {
        "vendor": 5,
        "category": 13,
        "food_title": "Marbled Lamp",
        "slug": "marbled-lamp",
        "description": "",
        "price": "30.00",
        "image": "foodimages/seafood-600x600_xQy1VAl.jpg",
        "is_available": true,
        "created_at": "2023-02-08T05:08:35.086Z",
        "updated_at": "2023-02-08T05:08:35.086Z"
    }
},
{
    "model": "menu.fooditem",
    "pk": 11,
    "fields": {
        "vendor": 6,
        "category": 14,
        "food_title": "Pepper Twins Chicken",
        "slug": "pepper-twins-chicken",
        "description": "",
        "price": "15.00",
        "image": "foodimages/profile-picture-4.PNG",
        "is_available": true,
        "created_at": "2023-02-08T05:11:00.915Z",
        "updated_at": "2023-02-08T05:11:00.915Z"
    }
},
{
    "model": "menu.fooditem",
    "pk": 12,
    "fields": {
        "vendor": 6,
        "category": 15,
        "food_title": "Hot Boild Fish",
        "slug": "hot-boild-fish",
        "description": "",
        "price": "18.00",
        "image": "foodimages/tuna-fish_S036M3Q.jpg",
        "is_available": true,
        "created_at": "2023-02-08T05:11:38.641Z",
        "updated_at": "2023-02-08T05:11:38.641Z"
    }
},
{
    "model": "menu.fooditem",
    "pk": 13,
    "fields": {
        "vendor": 7,
        "category": 16,
        "food_title": "Hot Pepper Chicken",
        "slug": "hot-pepper-chicken",
        "description": "",
        "price": "15.00",
        "image": "foodimages/pizza-600x600_DNNl8gS.jpg",
        "is_available": true,
        "created_at": "2023-02-08T05:13:30.870Z",
        "updated_at": "2023-02-08T05:13:30.870Z"
    }
},
{
    "model": "menu.fooditem",
    "pk": 14,
    "fields": {
        "vendor": 7,
        "category": 17,
        "food_title": "Hot Spicy Beef",
        "slug": "hot-spicy-beef",
        "description": "",
        "price": "16.00",
        "image": "foodimages/profile-picture-4_QGlRkmz.PNG",
        "is_available": true,
        "created_at": "2023-02-08T05:13:49.156Z",
        "updated_at": "2023-02-08T05:13:49.156Z"
    }
},
{
    "model": "menu.fooditem",
    "pk": 15,
    "fields": {
        "vendor": 3,
        "category": 9,
        "food_title": "Sweet Fire",
        "slug": "sweet-fire",
        "description": "",
        "price": "25.00",
        "image": "foodimages/profile-picture-4_U5QGHUK.PNG",
        "is_available": true,
        "created_at": "2023-02-12T03:06:12.943Z",
        "updated_at": "2023-02-12T03:06:12.943Z"
    }
},
{
    "model": "menu.fooditem",
    "pk": 16,
    "fields": {
        "vendor": 3,
        "category": 10,
        "food_title": "Hot soup",
        "slug": "hot-soup",
        "description": "",
        "price": "5.00",
        "image": "foodimages/seafood-600x600_WsvjVNl.jpg",
        "is_available": true,
        "created_at": "2023-02-12T03:06:45.614Z",
        "updated_at": "2023-02-12T03:06:45.614Z"
    }
},
{
    "model": "marketplace.cart",
    "pk": 39,
    "fields": {
        "user": [
            "598796750@qq.com"
        ],
        "fooditem": 13,
        "quantity": 2,
        "created_at": "2023-02-12T21:06:56.614Z",
        "updated_at": "2023-02-12T21:06:56.730Z"
    }
},
{
    "model": "marketplace.cart",
    "pk": 40,
    "fields": {
        "user": [
            "598796750@qq.com"
        ],
        "fooditem": 14,
        "quantity": 3,
        "created_at": "2023-02-12T21:06:57.791Z",
        "updated_at": "2023-02-12T21:06:58.118Z"
    }
},
{
    "model": "marketplace.cart",
    "pk": 45,
    "fields": {
        "user": [
            "yy67@rice.edu"
        ],
        "fooditem": 15,
        "quantity": 3,
        "created_at": "2023-02-17T04:25:34.079Z",
        "updated_at": "2023-02-17T04:25:34.405Z"
    }
},
{
    "model": "marketplace.cart",
    "pk": 46,
    "fields": {
        "user": [
            "yy67@rice.edu"
        ],
        "fooditem": 16,
        "quantity": 3,
        "created_at": "2023-02-17T04:25:34.900Z",
        "updated_at": "2023-02-17T04:25:35.245Z"
    }
},
{
    "model": "marketplace.cart",
    "pk": 49,
    "fields": {
        "user": [
            "lastmidnoon@gmail.com"
        ],
        "fooditem": 1,
        "quantity": 2,
        "created_at": "2023-02-21T08:11:17.753Z",
        "updated_at": "2023-02-21T08:11:18.257Z"
    }
},
{
    "model": "marketplace.cart",
    "pk": 54,
    "fields": {
        "user": [
            "lastmidnoon@gmail.com"
        ],
        "fooditem": 11,
        "quantity": 2,
        "created_at": "2023-02-21T08:17:58.739Z",
        "updated_at": "2023-02-21T08:17:58.941Z"
    }
},
{
    "model": "marketplace.cart",
    "pk": 56,
    "fields": {
        "user": [
            "lastmidnoon@gmail.com"
        ],
        "fooditem": 9,
        "quantity": 2,
        "created_at": "2023-02-21T08:42:41.107Z",
        "updated_at": "2023-02-21T08:42:42.015Z"
    }
},
{
    "model": "marketplace.cart",
    "pk": 57,
    "fields": {
        "user": [
            "lastmidnoon@gmail.com"
        ],
        "fooditem": 10,
        "quantity": 1,
        "created_at": "2023-02-21T08:42:43.572Z",
        "updated_at": "2023-02-21T08:42:43.572Z"
    }
},
{
    "model": "marketplace.tax",
    "pk": 1,
    "fields": {
        "tax_type": "Taxes",
        "tax_percentage": "9.00",
        "is_active": true
    }
},
{
    "model": "marketplace.tax",
    "pk": 2,
    "fields": {
        "tax_type": "Fees",
        "tax_percentage": "3.00",
        "is_active": true
    }
},
{
    "model": "orders.payment",
    "pk": 1,
    "fields": {
        "user": [
            "yy67@rice.edu"
        ],
        "transaction_id": "5SG83508TW513802E",
        "payment_method": "PayPal",
        "amount": "95.2",
        "status": "COMPLETED",
        "created_at": "2023-02-16T06:27:03.059Z"
    }
},
{
    "model": "orders.payment",
    "pk": 2,
    "fields": {
        "user": [
            "yy67@rice.edu"
        ],
        "transaction_id": "40265500JL583193H",
        "payment_method": "PayPal",
        "amount": "95.2",
        "status": "COMPLETED",
        "created_at": "2023-02-17T03:43:50.978Z"
    }
},
{
    "model": "orders.payment",
    "pk": 3,
    "fields": {
        "user": [
            "yy67@rice.edu"
        ],
        "transaction_id": "9W333737R3101314P",
        "payment_method": "PayPal",
        "amount": "95.2",
        "status": "COMPLETED",
        "created_at": "2023-02-17T04:03:10.557Z"
    }
},
{
    "model": "orders.payment",
    "pk": 4,
    "fields": {
        "user": [
            "yy67@rice.edu"
        ],
        "transaction_id": "6EM77696564300342",
        "payment_method": "PayPal",
        "amount": "95.2",
        "status": "COMPLETED",
        "created_at": "2023-02-17T04:09:51.010Z"
    }
},
{
    "model": "orders.payment",
    "pk": 5,
    "fields": {
        "user": [
            "yy67@rice.edu"
        ],
        "transaction_id": "8LG71927YT655093R",
        "payment_method": "PayPal",
        "amount": "95.2",
        "status": "COMPLETED",
        "created_at": "2023-02-17T04:13:59.932Z"
    }
},
{
    "model": "orders.payment",
    "pk": 6,
    "fields": {
        "user": [
            "yy67@rice.edu"
        ],
        "transaction_id": "4D0871287B870291B",
        "payment_method": "PayPal",
        "amount": "95.2",
        "status": "COMPLETED",
        "created_at": "2023-02-17T04:16:58.478Z"
    }
},
{
    "model": "orders.payment",
    "pk": 7,
    "fields": {
        "user": [
            "yy67@rice.edu"
        ],
        "transaction_id": "680792002X0804404",
        "payment_method": "PayPal",
        "amount": "95.2",
        "status": "COMPLETED",
        "created_at": "2023-02-17T04:17:53.230Z"
    }
},
{
    "model": "orders.payment",
    "pk": 8,
    "fields": {
        "user": [
            "yy67@rice.edu"
        ],
        "transaction_id": "1NK54981X9665472V",
        "payment_method": "PayPal",
        "amount": "95.2",
        "status": "COMPLETED",
        "created_at": "2023-02-17T04:19:01.640Z"
    }
},
{
    "model": "orders.payment",
    "pk": 9,
    "fields": {
        "user": [
            "yy67@rice.edu"
        ],
        "transaction_id": "9ND14446AT889410T",
        "payment_method": "PayPal",
        "amount": "95.2",
        "status": "COMPLETED",
        "created_at": "2023-02-17T04:23:55.976Z"
    }
},
{
    "model": "orders.payment",
    "pk": 10,
    "fields": {
        "user": [
            "yy67@rice.edu"
        ],
        "transaction_id": "4C330014H6893153A",
        "payment_method": "PayPal",
        "amount": "100.8",
        "status": "COMPLETED",
        "created_at": "2023-02-17T04:25:55.119Z"
    }
},
{
    "model": "orders.payment",
    "pk": 11,
    "fields": {
        "user": [
            "yy67@rice.edu"
        ],
        "transaction_id": "7UV70477NH008434Y",
        "payment_method": "PayPal",
        "amount": "100.8",
        "status": "COMPLETED",
        "created_at": "2023-02-17T04:45:51.331Z"
    }
},
{
    "model": "orders.payment",
    "pk": 12,
    "fields": {
        "user": [
            "yy67@rice.edu"
        ],
        "transaction_id": "09M05954CW3560438",
        "payment_method": "PayPal",
        "amount": "100.8",
        "status": "COMPLETED",
        "created_at": "2023-02-17T05:14:13.315Z"
    }
},
{
    "model": "orders.payment",
    "pk": 13,
    "fields": {
        "user": [
            "yy67@rice.edu"
        ],
        "transaction_id": "51317842B79843943",
        "payment_method": "PayPal",
        "amount": "100.8",
        "status": "COMPLETED",
        "created_at": "2023-02-17T05:26:21.578Z"
    }
},
{
    "model": "orders.payment",
    "pk": 14,
    "fields": {
        "user": [
            "yy67@rice.edu"
        ],
        "transaction_id": "78X43764L35684846",
        "payment_method": "PayPal",
        "amount": "100.8",
        "status": "COMPLETED",
        "created_at": "2023-02-17T05:26:38.468Z"
    }
},
{
    "model": "orders.payment",
    "pk": 15,
    "fields": {
        "user": [
            "lastmidnoon@gmail.com"
        ],
        "transaction_id": "8P916905YJ0591635",
        "payment_method": "PayPal",
        "amount": "73.92",
        "status": "COMPLETED",
        "created_at": "2023-02-18T04:42:53.976Z"
    }
},
{
    "model": "orders.payment",
    "pk": 16,
    "fields": {
        "user": [
            "lastmidnoon@gmail.com"
        ],
        "transaction_id": "2FB89283N9751721B",
        "payment_method": "PayPal",
        "amount": "188.16",
        "status": "COMPLETED",
        "created_at": "2023-02-19T05:54:41.762Z"
    }
},
{
    "model": "orders.payment",
    "pk": 17,
    "fields": {
        "user": [
            "lastmidnoon@gmail.com"
        ],
        "transaction_id": "19U839275L1008334",
        "payment_method": "PayPal",
        "amount": "188.16",
        "status": "COMPLETED",
        "created_at": "2023-02-19T05:57:34.613Z"
    }
},
{
    "model": "orders.payment",
    "pk": 18,
    "fields": {
        "user": [
            "lastmidnoon@gmail.com"
        ],
        "transaction_id": "9HH35394KN160441E",
        "payment_method": "PayPal",
        "amount": "188.16",
        "status": "COMPLETED",
        "created_at": "2023-02-19T06:00:31.008Z"
    }
},
{
    "model": "orders.payment",
    "pk": 19,
    "fields": {
        "user": [
            "lastmidnoon@gmail.com"
        ],
        "transaction_id": "9UD276381W392862B",
        "payment_method": "PayPal",
        "amount": "188.16",
        "status": "COMPLETED",
        "created_at": "2023-02-20T05:17:28.827Z"
    }
},
{
    "model": "orders.payment",
    "pk": 20,
    "fields": {
        "user": [
            "lastmidnoon@gmail.com"
        ],
        "transaction_id": "55394419AN166531J",
        "payment_method": "PayPal",
        "amount": "118.72",
        "status": "COMPLETED",
        "created_at": "2023-02-20T05:51:01.223Z"
    }
},
{
    "model": "orders.payment",
    "pk": 21,
    "fields": {
        "user": [
            "lastmidnoon@gmail.com"
        ],
        "transaction_id": "80413896NG9474241",
        "payment_method": "PayPal",
        "amount": "118.72",
        "status": "COMPLETED",
        "created_at": "2023-02-21T07:52:15.840Z"
    }
},
{
    "model": "orders.payment",
    "pk": 22,
    "fields": {
        "user": [
            "lastmidnoon@gmail.com"
        ],
        "transaction_id": "6GK49563YL6875742",
        "payment_method": "PayPal",
        "amount": "118.72",
        "status": "COMPLETED",
        "created_at": "2023-02-21T07:54:08.298Z"
    }
},
{
    "model": "orders.payment",
    "pk": 23,
    "fields": {
        "user": [
            "lastmidnoon@gmail.com"
        ],
        "transaction_id": "0T0749528J437224K",
        "payment_method": "PayPal",
        "amount": "118.72",
        "status": "COMPLETED",
        "created_at": "2023-02-21T07:55:53.716Z"
    }
},
{
    "model": "orders.payment",
    "pk": 24,
    "fields": {
        "user": [
            "lastmidnoon@gmail.com"
        ],
        "transaction_id": "96A53444GJ324674M",
        "payment_method": "PayPal",
        "amount": "118.72",
        "status": "COMPLETED",
        "created_at": "2023-02-21T08:03:47.859Z"
    }
},
{
    "model": "orders.payment",
    "pk": 25,
    "fields": {
        "user": [
            "lastmidnoon@gmail.com"
        ],
        "transaction_id": "1YU97090WX244920L",
        "payment_method": "PayPal",
        "amount": "31.36",
        "status": "COMPLETED",
        "created_at": "2023-02-21T08:11:52.907Z"
    }
},
{
    "model": "orders.payment",
    "pk": 26,
    "fields": {
        "user": [
            "lastmidnoon@gmail.com"
        ],
        "transaction_id": "5CM82607US8392828",
        "payment_method": "PayPal",
        "amount": "64.96",
        "status": "COMPLETED",
        "created_at": "2023-02-21T08:18:17.990Z"
    }
},
{
    "model": "orders.payment",
    "pk": 27,
    "fields": {
        "user": [
            "lastmidnoon@gmail.com"
        ],
        "transaction_id": "9LM62471UP642073V",
        "payment_method": "PayPal",
        "amount": "64.96",
        "status": "COMPLETED",
        "created_at": "2023-02-21T08:30:15.557Z"
    }
},
{
    "model": "orders.payment",
    "pk": 28,
    "fields": {
        "user": [
            "lastmidnoon@gmail.com"
        ],
        "transaction_id": "4G986413JB506652P",
        "payment_method": "PayPal",
        "amount": "152.32",
        "status": "COMPLETED",
        "created_at": "2023-02-21T08:43:33.918Z"
    }
},
{
    "model": "orders.order",
    "pk": 42,
    "fields": {
        "user": [
            "lastmidnoon@gmail.com"
        ],
        "payment": 19,
        "order_number": "2023021923170442",
        "first_name": "Yue",
        "last_name": "Yu",
        "phone": "6016691931",
        "email": "lastmidnoon@gmail.com",
        "address": "7490 Brompton Square Drive, Houston, TX, USA",
        "country": "United States",
        "state": "Texas",
        "city": "Houston",
        "pin_code": "77025",
        "total": 188.16,
        "tax_data": "{\"Taxes\": {\"9.00\": 15.12}, \"Fees\": {\"3.00\": 5.04}}",
        "total_data": "{\"6\": {\"66.00\": \"{'Taxes': {'9.00': '5.94'}, 'Fees': {'3.00': '1.98'}}\"}, \"2\": {\"102.00\": \"{'Taxes': {'9.00': '9.18'}, 'Fees': {'3.00': '3.06'}}\"}}",
        "total_tax": 20.16,
        "payment_method": "PayPal",
        "status": "New",
        "is_ordered": true,
        "created_at": "2023-02-20T05:17:04.996Z",
        "updated_at": "2023-02-20T05:17:28.829Z",
        "vendors": [
            6,
            2
        ]
    }
},
{
    "model": "orders.order",
    "pk": 43,
    "fields": {
        "user": [
            "lastmidnoon@gmail.com"
        ],
        "payment": 20,
        "order_number": "2023021923504443",
        "first_name": "Yue",
        "last_name": "Yu",
        "phone": "6016691931",
        "email": "lastmidnoon@gmail.com",
        "address": "7490 Brompton Square Drive, Houston, TX, USA",
        "country": "United States",
        "state": "Texas",
        "city": "Houston",
        "pin_code": "77025",
        "total": 118.72,
        "tax_data": "{\"Taxes\": {\"9.00\": 9.54}, \"Fees\": {\"3.00\": 3.18}}",
        "total_data": "{\"6\": {\"66.00\": \"{'Taxes': {'9.00': '5.94'}, 'Fees': {'3.00': '1.98'}}\"}, \"2\": {\"40.00\": \"{'Taxes': {'9.00': '3.60'}, 'Fees': {'3.00': '1.20'}}\"}}",
        "total_tax": 12.72,
        "payment_method": "PayPal",
        "status": "New",
        "is_ordered": true,
        "created_at": "2023-02-20T05:50:44.770Z",
        "updated_at": "2023-02-20T05:51:01.224Z",
        "vendors": [
            6,
            2
        ]
    }
},
{
    "model": "orders.order",
    "pk": 44,
    "fields": {
        "user": [
            "lastmidnoon@gmail.com"
        ],
        "payment": 21,
        "order_number": "2023022101515244",
        "first_name": "Yue",
        "last_name": "Yu",
        "phone": "6016691931",
        "email": "lastmidnoon@gmail.com",
        "address": "7490 Brompton Square Drive, Houston, TX, USA",
        "country": "United States",
        "state": "Texas",
        "city": "Houston",
        "pin_code": "77025",
        "total": 118.72,
        "tax_data": "{\"Taxes\": {\"9.00\": 9.54}, \"Fees\": {\"3.00\": 3.18}}",
        "total_data": "{\"6\": {\"66.00\": \"{'Taxes': {'9.00': '5.94'}, 'Fees': {'3.00': '1.98'}}\"}, \"2\": {\"40.00\": \"{'Taxes': {'9.00': '3.60'}, 'Fees': {'3.00': '1.20'}}\"}}",
        "total_tax": 12.72,
        "payment_method": "PayPal",
        "status": "New",
        "is_ordered": true,
        "created_at": "2023-02-21T07:51:52.753Z",
        "updated_at": "2023-02-21T07:52:15.842Z",
        "vendors": [
            2,
            6
        ]
    }
},
{
    "model": "orders.order",
    "pk": 45,
    "fields": {
        "user": [
            "lastmidnoon@gmail.com"
        ],
        "payment": 22,
        "order_number": "2023022101535445",
        "first_name": "Yue",
        "last_name": "Yu",
        "phone": "6016691931",
        "email": "lastmidnoon@gmail.com",
        "address": "7490 Brompton Square Drive, Houston, TX, USA",
        "country": "United States",
        "state": "Texas",
        "city": "Houston",
        "pin_code": "77025",
        "total": 118.72,
        "tax_data": "{\"Taxes\": {\"9.00\": 9.54}, \"Fees\": {\"3.00\": 3.18}}",
        "total_data": "{\"6\": {\"66.00\": \"{'Taxes': {'9.00': '5.94'}, 'Fees': {'3.00': '1.98'}}\"}, \"2\": {\"40.00\": \"{'Taxes': {'9.00': '3.60'}, 'Fees': {'3.00': '1.20'}}\"}}",
        "total_tax": 12.72,
        "payment_method": "PayPal",
        "status": "New",
        "is_ordered": true,
        "created_at": "2023-02-21T07:53:54.139Z",
        "updated_at": "2023-02-21T07:54:08.300Z",
        "vendors": [
            2,
            6
        ]
    }
},
{
    "model": "orders.order",
    "pk": 46,
    "fields": {
        "user": [
            "lastmidnoon@gmail.com"
        ],
        "payment": 24,
        "order_number": "2023022101554446",
        "first_name": "Yue",
        "last_name": "Yu",
        "phone": "6016691931",
        "email": "lastmidnoon@gmail.com",
        "address": "7490 Brompton Square Drive, Houston, TX, USA",
        "country": "United States",
        "state": "Texas",
        "city": "Houston",
        "pin_code": "77025",
        "total": 118.72,
        "tax_data": "{\"Taxes\": {\"9.00\": 9.54}, \"Fees\": {\"3.00\": 3.18}}",
        "total_data": "{\"6\": {\"66.00\": \"{'Taxes': {'9.00': '5.94'}, 'Fees': {'3.00': '1.98'}}\"}, \"2\": {\"40.00\": \"{'Taxes': {'9.00': '3.60'}, 'Fees': {'3.00': '1.20'}}\"}}",
        "total_tax": 12.72,
        "payment_method": "PayPal",
        "status": "New",
        "is_ordered": true,
        "created_at": "2023-02-21T07:55:44.389Z",
        "updated_at": "2023-02-21T08:03:47.860Z",
        "vendors": [
            2,
            6
        ]
    }
},
{
    "model": "orders.order",
    "pk": 47,
    "fields": {
        "user": [
            "lastmidnoon@gmail.com"
        ],
        "payment": 25,
        "order_number": "2023022102113847",
        "first_name": "Yue",
        "last_name": "Yu",
        "phone": "6016691931",
        "email": "lastmidnoon@gmail.com",
        "address": "7490 Brompton Square Drive, Houston, TX, USA",
        "country": "United States",
        "state": "Texas",
        "city": "Houston",
        "pin_code": "77025",
        "total": 31.36,
        "tax_data": "{\"Taxes\": {\"9.00\": 2.52}, \"Fees\": {\"3.00\": 0.84}}",
        "total_data": "{\"2\": {\"28.00\": \"{'Taxes': {'9.00': '2.52'}, 'Fees': {'3.00': '0.84'}}\"}}",
        "total_tax": 3.36,
        "payment_method": "PayPal",
        "status": "New",
        "is_ordered": true,
        "created_at": "2023-02-21T08:11:38.878Z",
        "updated_at": "2023-02-21T08:11:52.909Z",
        "vendors": [
            2
        ]
    }
},
{
    "model": "orders.order",
    "pk": 48,
    "fields": {
        "user": [
            "lastmidnoon@gmail.com"
        ],
        "payment": 26,
        "order_number": "2023022102180948",
        "first_name": "Yue",
        "last_name": "Yu",
        "phone": "6016691931",
        "email": "lastmidnoon@gmail.com",
        "address": "7490 Brompton Square Drive, Houston, TX, USA",
        "country": "United States",
        "state": "Texas",
        "city": "Houston",
        "pin_code": "77025",
        "total": 64.96,
        "tax_data": "{\"Taxes\": {\"9.00\": 5.22}, \"Fees\": {\"3.00\": 1.74}}",
        "total_data": "{\"2\": {\"28.00\": \"{'Taxes': {'9.00': '2.52'}, 'Fees': {'3.00': '0.84'}}\"}, \"6\": {\"30.00\": \"{'Taxes': {'9.00': '2.70'}, 'Fees': {'3.00': '0.90'}}\"}}",
        "total_tax": 6.96,
        "payment_method": "PayPal",
        "status": "New",
        "is_ordered": true,
        "created_at": "2023-02-21T08:18:09.042Z",
        "updated_at": "2023-02-21T08:18:17.992Z",
        "vendors": [
            2,
            6
        ]
    }
},
{
    "model": "orders.order",
    "pk": 49,
    "fields": {
        "user": [
            "lastmidnoon@gmail.com"
        ],
        "payment": 27,
        "order_number": "2023022102300049",
        "first_name": "Yue",
        "last_name": "Yu",
        "phone": "6016691931",
        "email": "lastmidnoon@gmail.com",
        "address": "7490 Brompton Square Drive, Houston, TX, USA",
        "country": "United States",
        "state": "Texas",
        "city": "Houston",
        "pin_code": "77025",
        "total": 64.96,
        "tax_data": "{\"Taxes\": {\"9.00\": 5.22}, \"Fees\": {\"3.00\": 1.74}}",
        "total_data": "{\"2\": {\"28.00\": \"{'Taxes': {'9.00': '2.52'}, 'Fees': {'3.00': '0.84'}}\"}, \"6\": {\"30.00\": \"{'Taxes': {'9.00': '2.70'}, 'Fees': {'3.00': '0.90'}}\"}}",
        "total_tax": 6.96,
        "payment_method": "PayPal",
        "status": "New",
        "is_ordered": true,
        "created_at": "2023-02-21T08:30:00.569Z",
        "updated_at": "2023-02-21T08:30:15.559Z",
        "vendors": [
            2,
            6
        ]
    }
},
{
    "model": "orders.order",
    "pk": 50,
    "fields": {
        "user": [
            "lastmidnoon@gmail.com"
        ],
        "payment": null,
        "order_number": "2023022102335250",
        "first_name": "Yue",
        "last_name": "Yu",
        "phone": "6016691931",
        "email": "lastmidnoon@gmail.com",
        "address": "7490 Brompton Square Drive, Houston, TX, USA",
        "country": "United States",
        "state": "Texas",
        "city": "Houston",
        "pin_code": "77025",
        "total": 64.96,
        "tax_data": "{\"Taxes\": {\"9.00\": 5.22}, \"Fees\": {\"3.00\": 1.74}}",
        "total_data": "{\"2\": {\"28.00\": \"{'Taxes': {'9.00': '2.52'}, 'Fees': {'3.00': '0.84'}}\"}, \"6\": {\"30.00\": \"{'Taxes': {'9.00': '2.70'}, 'Fees': {'3.00': '0.90'}}\"}}",
        "total_tax": 6.96,
        "payment_method": "PayPal",
        "status": "New",
        "is_ordered": false,
        "created_at": "2023-02-21T08:33:52.677Z",
        "updated_at": "2023-02-21T08:33:52.682Z",
        "vendors": [
            2,
            6
        ]
    }
},
{
    "model": "orders.order",
    "pk": 51,
    "fields": {
        "user": [
            "lastmidnoon@gmail.com"
        ],
        "payment": 28,
        "order_number": "2023022102431751",
        "first_name": "Yue",
        "last_name": "Yu",
        "phone": "6016691931",
        "email": "lastmidnoon@gmail.com",
        "address": "7490 Brompton Square Drive, Houston, TX, USA",
        "country": "United States",
        "state": "Texas",
        "city": "Houston",
        "pin_code": "77025",
        "total": 152.32,
        "tax_data": "{\"Taxes\": {\"9.00\": 12.24}, \"Fees\": {\"3.00\": 4.08}}",
        "total_data": "{\"2\": {\"28.00\": \"{'Taxes': {'9.00': '2.52'}, 'Fees': {'3.00': '0.84'}}\"}, \"6\": {\"30.00\": \"{'Taxes': {'9.00': '2.70'}, 'Fees': {'3.00': '0.90'}}\"}, \"5\": {\"78.00\": \"{'Taxes': {'9.00': '7.02'}, 'Fees': {'3.00': '2.34'}}\"}}",
        "total_tax": 16.32,
        "payment_method": "PayPal",
        "status": "New",
        "is_ordered": true,
        "created_at": "2023-02-21T08:43:17.387Z",
        "updated_at": "2023-02-21T08:43:33.920Z",
        "vendors": [
            2,
            5,
            6
        ]
    }
},
{
    "model": "orders.orderedfood",
    "pk": 41,
    "fields": {
        "order": 42,
        "payment": 19,
        "user": [
            "lastmidnoon@gmail.com"
        ],
        "fooditem": 11,
        "quantity": 2,
        "price": 15.0,
        "amount": 30.0,
        "created_at": "2023-02-20T05:17:28.836Z",
        "updated_at": "2023-02-20T05:17:28.836Z"
    }
},
{
    "model": "orders.orderedfood",
    "pk": 42,
    "fields": {
        "order": 42,
        "payment": 19,
        "user": [
            "lastmidnoon@gmail.com"
        ],
        "fooditem": 12,
        "quantity": 2,
        "price": 18.0,
        "amount": 36.0,
        "created_at": "2023-02-20T05:17:28.839Z",
        "updated_at": "2023-02-20T05:17:28.839Z"
    }
},
{
    "model": "orders.orderedfood",
    "pk": 43,
    "fields": {
        "order": 42,
        "payment": 19,
        "user": [
            "lastmidnoon@gmail.com"
        ],
        "fooditem": 1,
        "quantity": 3,
        "price": 14.0,
        "amount": 42.0,
        "created_at": "2023-02-20T05:17:28.841Z",
        "updated_at": "2023-02-20T05:17:28.841Z"
    }
},
{
    "model": "orders.orderedfood",
    "pk": 44,
    "fields": {
        "order": 42,
        "payment": 19,
        "user": [
            "lastmidnoon@gmail.com"
        ],
        "fooditem": 5,
        "quantity": 3,
        "price": 20.0,
        "amount": 60.0,
        "created_at": "2023-02-20T05:17:28.843Z",
        "updated_at": "2023-02-20T05:17:28.843Z"
    }
},
{
    "model": "orders.orderedfood",
    "pk": 45,
    "fields": {
        "order": 43,
        "payment": 20,
        "user": [
            "lastmidnoon@gmail.com"
        ],
        "fooditem": 11,
        "quantity": 2,
        "price": 15.0,
        "amount": 30.0,
        "created_at": "2023-02-20T05:51:01.230Z",
        "updated_at": "2023-02-20T05:51:01.230Z"
    }
},
{
    "model": "orders.orderedfood",
    "pk": 46,
    "fields": {
        "order": 43,
        "payment": 20,
        "user": [
            "lastmidnoon@gmail.com"
        ],
        "fooditem": 12,
        "quantity": 2,
        "price": 18.0,
        "amount": 36.0,
        "created_at": "2023-02-20T05:51:01.232Z",
        "updated_at": "2023-02-20T05:51:01.232Z"
    }
},
{
    "model": "orders.orderedfood",
    "pk": 47,
    "fields": {
        "order": 43,
        "payment": 20,
        "user": [
            "lastmidnoon@gmail.com"
        ],
        "fooditem": 5,
        "quantity": 2,
        "price": 20.0,
        "amount": 40.0,
        "created_at": "2023-02-20T05:51:01.234Z",
        "updated_at": "2023-02-20T05:51:01.234Z"
    }
},
{
    "model": "orders.orderedfood",
    "pk": 48,
    "fields": {
        "order": 44,
        "payment": 21,
        "user": [
            "lastmidnoon@gmail.com"
        ],
        "fooditem": 11,
        "quantity": 2,
        "price": 15.0,
        "amount": 30.0,
        "created_at": "2023-02-21T07:52:15.847Z",
        "updated_at": "2023-02-21T07:52:15.847Z"
    }
},
{
    "model": "orders.orderedfood",
    "pk": 49,
    "fields": {
        "order": 44,
        "payment": 21,
        "user": [
            "lastmidnoon@gmail.com"
        ],
        "fooditem": 12,
        "quantity": 2,
        "price": 18.0,
        "amount": 36.0,
        "created_at": "2023-02-21T07:52:15.850Z",
        "updated_at": "2023-02-21T07:52:15.850Z"
    }
},
{
    "model": "orders.orderedfood",
    "pk": 50,
    "fields": {
        "order": 44,
        "payment": 21,
        "user": [
            "lastmidnoon@gmail.com"
        ],
        "fooditem": 5,
        "quantity": 2,
        "price": 20.0,
        "amount": 40.0,
        "created_at": "2023-02-21T07:52:15.851Z",
        "updated_at": "2023-02-21T07:52:15.851Z"
    }
},
{
    "model": "orders.orderedfood",
    "pk": 51,
    "fields": {
        "order": 45,
        "payment": 22,
        "user": [
            "lastmidnoon@gmail.com"
        ],
        "fooditem": 11,
        "quantity": 2,
        "price": 15.0,
        "amount": 30.0,
        "created_at": "2023-02-21T07:54:08.306Z",
        "updated_at": "2023-02-21T07:54:08.306Z"
    }
},
{
    "model": "orders.orderedfood",
    "pk": 52,
    "fields": {
        "order": 45,
        "payment": 22,
        "user": [
            "lastmidnoon@gmail.com"
        ],
        "fooditem": 12,
        "quantity": 2,
        "price": 18.0,
        "amount": 36.0,
        "created_at": "2023-02-21T07:54:08.308Z",
        "updated_at": "2023-02-21T07:54:08.308Z"
    }
},
{
    "model": "orders.orderedfood",
    "pk": 53,
    "fields": {
        "order": 45,
        "payment": 22,
        "user": [
            "lastmidnoon@gmail.com"
        ],
        "fooditem": 5,
        "quantity": 2,
        "price": 20.0,
        "amount": 40.0,
        "created_at": "2023-02-21T07:54:08.310Z",
        "updated_at": "2023-02-21T07:54:08.310Z"
    }
},
{
    "model": "orders.orderedfood",
    "pk": 54,
    "fields": {
        "order": 46,
        "payment": 23,
        "user": [
            "lastmidnoon@gmail.com"
        ],
        "fooditem": 11,
        "quantity": 2,
        "price": 15.0,
        "amount": 30.0,
        "created_at": "2023-02-21T07:55:53.724Z",
        "updated_at": "2023-02-21T07:55:53.724Z"
    }
},
{
    "model": "orders.orderedfood",
    "pk": 55,
    "fields": {
        "order": 46,
        "payment": 23,
        "user": [
            "lastmidnoon@gmail.com"
        ],
        "fooditem": 12,
        "quantity": 2,
        "price": 18.0,
        "amount": 36.0,
        "created_at": "2023-02-21T07:55:53.727Z",
        "updated_at": "2023-02-21T07:55:53.727Z"
    }
},
{
    "model": "orders.orderedfood",
    "pk": 56,
    "fields": {
        "order": 46,
        "payment": 23,
        "user": [
            "lastmidnoon@gmail.com"
        ],
        "fooditem": 5,
        "quantity": 2,
        "price": 20.0,
        "amount": 40.0,
        "created_at": "2023-02-21T07:55:53.729Z",
        "updated_at": "2023-02-21T07:55:53.729Z"
    }
},
{
    "model": "orders.orderedfood",
    "pk": 57,
    "fields": {
        "order": 46,
        "payment": 24,
        "user": [
            "lastmidnoon@gmail.com"
        ],
        "fooditem": 11,
        "quantity": 2,
        "price": 15.0,
        "amount": 30.0,
        "created_at": "2023-02-21T08:03:47.866Z",
        "updated_at": "2023-02-21T08:03:47.867Z"
    }
},
{
    "model": "orders.orderedfood",
    "pk": 58,
    "fields": {
        "order": 46,
        "payment": 24,
        "user": [
            "lastmidnoon@gmail.com"
        ],
        "fooditem": 12,
        "quantity": 2,
        "price": 18.0,
        "amount": 36.0,
        "created_at": "2023-02-21T08:03:47.869Z",
        "updated_at": "2023-02-21T08:03:47.869Z"
    }
},
{
    "model": "orders.orderedfood",
    "pk": 59,
    "fields": {
        "order": 46,
        "payment": 24,
        "user": [
            "lastmidnoon@gmail.com"
        ],
        "fooditem": 5,
        "quantity": 2,
        "price": 20.0,
        "amount": 40.0,
        "created_at": "2023-02-21T08:03:47.871Z",
        "updated_at": "2023-02-21T08:03:47.871Z"
    }
},
{
    "model": "orders.orderedfood",
    "pk": 60,
    "fields": {
        "order": 47,
        "payment": 25,
        "user": [
            "lastmidnoon@gmail.com"
        ],
        "fooditem": 1,
        "quantity": 2,
        "price": 14.0,
        "amount": 28.0,
        "created_at": "2023-02-21T08:11:52.915Z",
        "updated_at": "2023-02-21T08:11:52.915Z"
    }
},
{
    "model": "orders.orderedfood",
    "pk": 61,
    "fields": {
        "order": 48,
        "payment": 26,
        "user": [
            "lastmidnoon@gmail.com"
        ],
        "fooditem": 1,
        "quantity": 2,
        "price": 14.0,
        "amount": 28.0,
        "created_at": "2023-02-21T08:18:18.000Z",
        "updated_at": "2023-02-21T08:18:18.000Z"
    }
},
{
    "model": "orders.orderedfood",
    "pk": 62,
    "fields": {
        "order": 48,
        "payment": 26,
        "user": [
            "lastmidnoon@gmail.com"
        ],
        "fooditem": 11,
        "quantity": 2,
        "price": 15.0,
        "amount": 30.0,
        "created_at": "2023-02-21T08:18:18.003Z",
        "updated_at": "2023-02-21T08:18:18.003Z"
    }
},
{
    "model": "orders.orderedfood",
    "pk": 63,
    "fields": {
        "order": 49,
        "payment": 27,
        "user": [
            "lastmidnoon@gmail.com"
        ],
        "fooditem": 1,
        "quantity": 2,
        "price": 14.0,
        "amount": 28.0,
        "created_at": "2023-02-21T08:30:15.565Z",
        "updated_at": "2023-02-21T08:30:15.565Z"
    }
},
{
    "model": "orders.orderedfood",
    "pk": 64,
    "fields": {
        "order": 49,
        "payment": 27,
        "user": [
            "lastmidnoon@gmail.com"
        ],
        "fooditem": 11,
        "quantity": 2,
        "price": 15.0,
        "amount": 30.0,
        "created_at": "2023-02-21T08:30:15.568Z",
        "updated_at": "2023-02-21T08:30:15.568Z"
    }
},
{
    "model": "orders.orderedfood",
    "pk": 65,
    "fields": {
        "order": 51,
        "payment": 28,
        "user": [
            "lastmidnoon@gmail.com"
        ],
        "fooditem": 1,
        "quantity": 2,
        "price": 14.0,
        "amount": 28.0,
        "created_at": "2023-02-21T08:43:33.927Z",
        "updated_at": "2023-02-21T08:43:33.927Z"
    }
},
{
    "model": "orders.orderedfood",
    "pk": 66,
    "fields": {
        "order": 51,
        "payment": 28,
        "user": [
            "lastmidnoon@gmail.com"
        ],
        "fooditem": 11,
        "quantity": 2,
        "price": 15.0,
        "amount": 30.0,
        "created_at": "2023-02-21T08:43:33.931Z",
        "updated_at": "2023-02-21T08:43:33.931Z"
    }
},
{
    "model": "orders.orderedfood",
    "pk": 67,
    "fields": {
        "order": 51,
        "payment": 28,
        "user": [
            "lastmidnoon@gmail.com"
        ],
        "fooditem": 9,
        "quantity": 2,
        "price": 24.0,
        "amount": 48.0,
        "created_at": "2023-02-21T08:43:33.933Z",
        "updated_at": "2023-02-21T08:43:33.933Z"
    }
},
{
    "model": "orders.orderedfood",
    "pk": 68,
    "fields": {
        "order": 51,
        "payment": 28,
        "user": [
            "lastmidnoon@gmail.com"
        ],
        "fooditem": 10,
        "quantity": 1,
        "price": 30.0,
        "amount": 30.0,
        "created_at": "2023-02-21T08:43:33.936Z",
        "updated_at": "2023-02-21T08:43:33.936Z"
    }
},
{
    "model": "admin.logentry",
    "pk": 56,
    "fields": {
        "action_time": "2023-01-30T08:20:31.376Z",
        "user": [
            "lastmidnoon1@gmail.com"
        ],
        "content_type": [
            "accounts",
            "user"
        ],
        "object_id": "38",
        "object_repr": "Yue.Yu@uth.tmc.edu21",
        "action_flag": 3,
        "change_message": ""
    }
},
{
    "model": "admin.logentry",
    "pk": 57,
    "fields": {
        "action_time": "2023-01-30T08:20:31.378Z",
        "user": [
            "lastmidnoon1@gmail.com"
        ],
        "content_type": [
            "accounts",
            "user"
        ],
        "object_id": "37",
        "object_repr": "Yue.Y2u@uth.tmc.edu",
        "action_flag": 3,
        "change_message": ""
    }
},
{
    "model": "admin.logentry",
    "pk": 58,
    "fields": {
        "action_time": "2023-01-30T08:20:31.379Z",
        "user": [
            "lastmidnoon1@gmail.com"
        ],
        "content_type": [
            "accounts",
            "user"
        ],
        "object_id": "36",
        "object_repr": "Yue.Yu@uth.tmc.edu",
        "action_flag": 3,
        "change_message": ""
    }
},
{
    "model": "admin.logentry",
    "pk": 59,
    "fields": {
        "action_time": "2023-01-30T08:21:12.870Z",
        "user": [
            "lastmidnoon1@gmail.com"
        ],
        "content_type": [
            "accounts",
            "user"
        ],
        "object_id": "39",
        "object_repr": "lastmidnoon1@gmail.com",
        "action_flag": 2,
        "change_message": "[{\"changed\": {\"fields\": [\"Email\"]}}]"
    }
},
{
    "model": "admin.logentry",
    "pk": 60,
    "fields": {
        "action_time": "2023-01-30T08:22:39.281Z",
        "user": [
            "lastmidnoon1@gmail.com"
        ],
        "content_type": [
            "accounts",
            "user"
        ],
        "object_id": "40",
        "object_repr": "lastmidnoon@gmail.com",
        "action_flag": 3,
        "change_message": ""
    }
},
{
    "model": "admin.logentry",
    "pk": 61,
    "fields": {
        "action_time": "2023-01-31T02:55:42.027Z",
        "user": [
            "lastmidnoon1@gmail.com"
        ],
        "content_type": [
            "accounts",
            "user"
        ],
        "object_id": "41",
        "object_repr": "lastmidnoon@gmail.com",
        "action_flag": 3,
        "change_message": ""
    }
},
{
    "model": "admin.logentry",
    "pk": 62,
    "fields": {
        "action_time": "2023-01-31T04:48:06.829Z",
        "user": [
            "lastmidnoon1@gmail.com"
        ],
        "content_type": [
            "accounts",
            "user"
        ],
        "object_id": "17",
        "object_repr": "yy67@rice.edu",
        "action_flag": 2,
        "change_message": "[{\"changed\": {\"fields\": [\"Email\"]}}]"
    }
},
{
    "model": "admin.logentry",
    "pk": 63,
    "fields": {
        "action_time": "2023-01-31T04:48:19.737Z",
        "user": [
            "lastmidnoon1@gmail.com"
        ],
        "content_type": [
            "vendor",
            "vendor"
        ],
        "object_id": "2",
        "object_repr": "test1",
        "action_flag": 2,
        "change_message": "[{\"changed\": {\"fields\": [\"Is approved\"]}}]"
    }
},
{
    "model": "admin.logentry",
    "pk": 64,
    "fields": {
        "action_time": "2023-01-31T04:49:38.504Z",
        "user": [
            "lastmidnoon1@gmail.com"
        ],
        "content_type": [
            "vendor",
            "vendor"
        ],
        "object_id": "2",
        "object_repr": "test1",
        "action_flag": 2,
        "change_message": "[{\"changed\": {\"fields\": [\"Is approved\"]}}]"
    }
},
{
    "model": "admin.logentry",
    "pk": 65,
    "fields": {
        "action_time": "2023-01-31T04:50:00.039Z",
        "user": [
            "lastmidnoon1@gmail.com"
        ],
        "content_type": [
            "vendor",
            "vendor"
        ],
        "object_id": "2",
        "object_repr": "test1",
        "action_flag": 2,
        "change_message": "[]"
    }
},
{
    "model": "admin.logentry",
    "pk": 66,
    "fields": {
        "action_time": "2023-01-31T06:25:27.332Z",
        "user": [
            "lastmidnoon1@gmail.com"
        ],
        "content_type": [
            "accounts",
            "userprofile"
        ],
        "object_id": "17",
        "object_repr": "yy67@rice.edu",
        "action_flag": 2,
        "change_message": "[{\"changed\": {\"fields\": [\"Profile picture\", \"Cover photo\", \"Address line 1\", \"Address line 2\", \"Country\", \"State\", \"City\", \"Pin code\"]}}]"
    }
},
{
    "model": "admin.logentry",
    "pk": 67,
    "fields": {
        "action_time": "2023-01-31T06:29:07.568Z",
        "user": [
            "lastmidnoon1@gmail.com"
        ],
        "content_type": [
            "vendor",
            "vendor"
        ],
        "object_id": "2",
        "object_repr": "Pizza Italian",
        "action_flag": 2,
        "change_message": "[{\"changed\": {\"fields\": [\"Vendor name\"]}}]"
    }
},
{
    "model": "admin.logentry",
    "pk": 68,
    "fields": {
        "action_time": "2023-01-31T06:34:52.182Z",
        "user": [
            "lastmidnoon1@gmail.com"
        ],
        "content_type": [
            "accounts",
            "userprofile"
        ],
        "object_id": "17",
        "object_repr": "yy67@rice.edu",
        "action_flag": 2,
        "change_message": "[{\"changed\": {\"fields\": [\"Profile picture\", \"Cover photo\"]}}]"
    }
},
{
    "model": "admin.logentry",
    "pk": 69,
    "fields": {
        "action_time": "2023-02-01T05:31:17.370Z",
        "user": [
            "lastmidnoon1@gmail.com"
        ],
        "content_type": [
            "accounts",
            "userprofile"
        ],
        "object_id": "17",
        "object_repr": "yy67@rice.edu",
        "action_flag": 2,
        "change_message": "[{\"changed\": {\"fields\": [\"Address\", \"Pin code\"]}}]"
    }
},
{
    "model": "admin.logentry",
    "pk": 70,
    "fields": {
        "action_time": "2023-02-02T03:42:14.847Z",
        "user": [
            "lastmidnoon1@gmail.com"
        ],
        "content_type": [
            "menu",
            "category"
        ],
        "object_id": "1",
        "object_repr": "Burgers",
        "action_flag": 1,
        "change_message": "[{\"added\": {}}]"
    }
},
{
    "model": "admin.logentry",
    "pk": 71,
    "fields": {
        "action_time": "2023-02-02T03:43:55.648Z",
        "user": [
            "lastmidnoon1@gmail.com"
        ],
        "content_type": [
            "menu",
            "category"
        ],
        "object_id": "2",
        "object_repr": "Pizza",
        "action_flag": 1,
        "change_message": "[{\"added\": {}}]"
    }
},
{
    "model": "admin.logentry",
    "pk": 72,
    "fields": {
        "action_time": "2023-02-02T03:44:28.936Z",
        "user": [
            "lastmidnoon1@gmail.com"
        ],
        "content_type": [
            "menu",
            "category"
        ],
        "object_id": "3",
        "object_repr": "Sea food",
        "action_flag": 1,
        "change_message": "[{\"added\": {}}]"
    }
},
{
    "model": "admin.logentry",
    "pk": 73,
    "fields": {
        "action_time": "2023-02-02T03:44:51.110Z",
        "user": [
            "lastmidnoon1@gmail.com"
        ],
        "content_type": [
            "menu",
            "category"
        ],
        "object_id": "4",
        "object_repr": "Chicken",
        "action_flag": 1,
        "change_message": "[{\"added\": {}}]"
    }
},
{
    "model": "admin.logentry",
    "pk": 74,
    "fields": {
        "action_time": "2023-02-02T03:58:33.197Z",
        "user": [
            "lastmidnoon1@gmail.com"
        ],
        "content_type": [
            "menu",
            "fooditem"
        ],
        "object_id": "1",
        "object_repr": "Swiss Burger",
        "action_flag": 1,
        "change_message": "[{\"added\": {}}]"
    }
},
{
    "model": "admin.logentry",
    "pk": 75,
    "fields": {
        "action_time": "2023-02-02T03:59:18.551Z",
        "user": [
            "lastmidnoon1@gmail.com"
        ],
        "content_type": [
            "menu",
            "fooditem"
        ],
        "object_id": "2",
        "object_repr": "Fried Chicken",
        "action_flag": 1,
        "change_message": "[{\"added\": {}}]"
    }
},
{
    "model": "admin.logentry",
    "pk": 76,
    "fields": {
        "action_time": "2023-02-02T03:59:43.358Z",
        "user": [
            "lastmidnoon1@gmail.com"
        ],
        "content_type": [
            "menu",
            "fooditem"
        ],
        "object_id": "3",
        "object_repr": "Barbeque Chicken",
        "action_flag": 1,
        "change_message": "[{\"added\": {}}]"
    }
},
{
    "model": "admin.logentry",
    "pk": 77,
    "fields": {
        "action_time": "2023-02-02T04:00:18.042Z",
        "user": [
            "lastmidnoon1@gmail.com"
        ],
        "content_type": [
            "menu",
            "fooditem"
        ],
        "object_id": "4",
        "object_repr": "Sea Food One",
        "action_flag": 1,
        "change_message": "[{\"added\": {}}]"
    }
},
{
    "model": "admin.logentry",
    "pk": 78,
    "fields": {
        "action_time": "2023-02-02T04:00:44.538Z",
        "user": [
            "lastmidnoon1@gmail.com"
        ],
        "content_type": [
            "menu",
            "fooditem"
        ],
        "object_id": "5",
        "object_repr": "Pizza One",
        "action_flag": 1,
        "change_message": "[{\"added\": {}}]"
    }
},
{
    "model": "admin.logentry",
    "pk": 79,
    "fields": {
        "action_time": "2023-02-02T04:01:07.802Z",
        "user": [
            "lastmidnoon1@gmail.com"
        ],
        "content_type": [
            "menu",
            "fooditem"
        ],
        "object_id": "6",
        "object_repr": "Itallian Pizza",
        "action_flag": 1,
        "change_message": "[{\"added\": {}}]"
    }
},
{
    "model": "admin.logentry",
    "pk": 80,
    "fields": {
        "action_time": "2023-02-02T06:23:42.278Z",
        "user": [
            "lastmidnoon1@gmail.com"
        ],
        "content_type": [
            "menu",
            "category"
        ],
        "object_id": "5",
        "object_repr": "Drinks",
        "action_flag": 1,
        "change_message": "[{\"added\": {}}]"
    }
},
{
    "model": "admin.logentry",
    "pk": 81,
    "fields": {
        "action_time": "2023-02-03T04:04:10.099Z",
        "user": [
            "lastmidnoon1@gmail.com"
        ],
        "content_type": [
            "accounts",
            "user"
        ],
        "object_id": "43",
        "object_repr": "598796750@qq.com",
        "action_flag": 2,
        "change_message": "[{\"changed\": {\"fields\": [\"Is active\"]}}]"
    }
},
{
    "model": "admin.logentry",
    "pk": 82,
    "fields": {
        "action_time": "2023-02-04T03:52:48.328Z",
        "user": [
            "lastmidnoon1@gmail.com"
        ],
        "content_type": [
            "vendor",
            "vendor"
        ],
        "object_id": "3",
        "object_repr": "Japanese Sushi",
        "action_flag": 2,
        "change_message": "[{\"changed\": {\"fields\": [\"Is approved\"]}}]"
    }
},
{
    "model": "admin.logentry",
    "pk": 83,
    "fields": {
        "action_time": "2023-02-04T03:52:49.276Z",
        "user": [
            "lastmidnoon1@gmail.com"
        ],
        "content_type": [
            "vendor",
            "vendor"
        ],
        "object_id": "2",
        "object_repr": "Pizza Italian test",
        "action_flag": 2,
        "change_message": "[{\"changed\": {\"fields\": [\"Is approved\"]}}]"
    }
},
{
    "model": "admin.logentry",
    "pk": 84,
    "fields": {
        "action_time": "2023-02-04T05:00:52.287Z",
        "user": [
            "lastmidnoon1@gmail.com"
        ],
        "content_type": [
            "vendor",
            "vendor"
        ],
        "object_id": "2",
        "object_repr": "Pizza Italian",
        "action_flag": 2,
        "change_message": "[{\"changed\": {\"fields\": [\"Vendor name\", \"Vendor slug\"]}}]"
    }
},
{
    "model": "admin.logentry",
    "pk": 85,
    "fields": {
        "action_time": "2023-02-04T05:01:05.330Z",
        "user": [
            "lastmidnoon1@gmail.com"
        ],
        "content_type": [
            "vendor",
            "vendor"
        ],
        "object_id": "3",
        "object_repr": "Japanese Sushi",
        "action_flag": 2,
        "change_message": "[{\"changed\": {\"fields\": [\"Vendor slug\"]}}]"
    }
},
{
    "model": "admin.logentry",
    "pk": 86,
    "fields": {
        "action_time": "2023-02-04T05:07:57.263Z",
        "user": [
            "lastmidnoon1@gmail.com"
        ],
        "content_type": [
            "accounts",
            "user"
        ],
        "object_id": "44",
        "object_repr": "third@gmail.com",
        "action_flag": 3,
        "change_message": ""
    }
},
{
    "model": "admin.logentry",
    "pk": 87,
    "fields": {
        "action_time": "2023-02-04T05:09:47.099Z",
        "user": [
            "lastmidnoon1@gmail.com"
        ],
        "content_type": [
            "vendor",
            "vendor"
        ],
        "object_id": "4",
        "object_repr": "third vendor",
        "action_flag": 3,
        "change_message": ""
    }
},
{
    "model": "admin.logentry",
    "pk": 88,
    "fields": {
        "action_time": "2023-02-07T03:46:20.925Z",
        "user": [
            "lastmidnoon1@gmail.com"
        ],
        "content_type": [
            "marketplace",
            "cart"
        ],
        "object_id": "11",
        "object_repr": "Cart object (11)",
        "action_flag": 3,
        "change_message": ""
    }
},
{
    "model": "admin.logentry",
    "pk": 89,
    "fields": {
        "action_time": "2023-02-07T03:46:20.929Z",
        "user": [
            "lastmidnoon1@gmail.com"
        ],
        "content_type": [
            "marketplace",
            "cart"
        ],
        "object_id": "10",
        "object_repr": "Cart object (10)",
        "action_flag": 3,
        "change_message": ""
    }
},
{
    "model": "admin.logentry",
    "pk": 90,
    "fields": {
        "action_time": "2023-02-07T03:46:20.930Z",
        "user": [
            "lastmidnoon1@gmail.com"
        ],
        "content_type": [
            "marketplace",
            "cart"
        ],
        "object_id": "9",
        "object_repr": "Cart object (9)",
        "action_flag": 3,
        "change_message": ""
    }
},
{
    "model": "admin.logentry",
    "pk": 91,
    "fields": {
        "action_time": "2023-02-07T03:46:20.930Z",
        "user": [
            "lastmidnoon1@gmail.com"
        ],
        "content_type": [
            "marketplace",
            "cart"
        ],
        "object_id": "8",
        "object_repr": "Cart object (8)",
        "action_flag": 3,
        "change_message": ""
    }
},
{
    "model": "admin.logentry",
    "pk": 92,
    "fields": {
        "action_time": "2023-02-07T03:46:20.931Z",
        "user": [
            "lastmidnoon1@gmail.com"
        ],
        "content_type": [
            "marketplace",
            "cart"
        ],
        "object_id": "3",
        "object_repr": "Cart object (3)",
        "action_flag": 3,
        "change_message": ""
    }
},
{
    "model": "admin.logentry",
    "pk": 93,
    "fields": {
        "action_time": "2023-02-07T03:46:20.932Z",
        "user": [
            "lastmidnoon1@gmail.com"
        ],
        "content_type": [
            "marketplace",
            "cart"
        ],
        "object_id": "2",
        "object_repr": "Cart object (2)",
        "action_flag": 3,
        "change_message": ""
    }
},
{
    "model": "admin.logentry",
    "pk": 94,
    "fields": {
        "action_time": "2023-02-07T03:46:20.932Z",
        "user": [
            "lastmidnoon1@gmail.com"
        ],
        "content_type": [
            "marketplace",
            "cart"
        ],
        "object_id": "1",
        "object_repr": "Cart object (1)",
        "action_flag": 3,
        "change_message": ""
    }
},
{
    "model": "admin.logentry",
    "pk": 95,
    "fields": {
        "action_time": "2023-02-08T05:04:39.250Z",
        "user": [
            "lastmidnoon1@gmail.com"
        ],
        "content_type": [
            "accounts",
            "user"
        ],
        "object_id": "45",
        "object_repr": "third@gmail.com",
        "action_flag": 2,
        "change_message": "[{\"changed\": {\"fields\": [\"Is active\"]}}]"
    }
},
{
    "model": "admin.logentry",
    "pk": 96,
    "fields": {
        "action_time": "2023-02-08T05:04:45.361Z",
        "user": [
            "lastmidnoon1@gmail.com"
        ],
        "content_type": [
            "accounts",
            "user"
        ],
        "object_id": "46",
        "object_repr": "happylamp@gmail.com",
        "action_flag": 2,
        "change_message": "[{\"changed\": {\"fields\": [\"Is active\"]}}]"
    }
},
{
    "model": "admin.logentry",
    "pk": 97,
    "fields": {
        "action_time": "2023-02-08T05:04:50.514Z",
        "user": [
            "lastmidnoon1@gmail.com"
        ],
        "content_type": [
            "accounts",
            "user"
        ],
        "object_id": "47",
        "object_repr": "peppertwins@gmail.com",
        "action_flag": 2,
        "change_message": "[{\"changed\": {\"fields\": [\"Is active\"]}}]"
    }
},
{
    "model": "admin.logentry",
    "pk": 98,
    "fields": {
        "action_time": "2023-02-08T05:04:54.364Z",
        "user": [
            "lastmidnoon1@gmail.com"
        ],
        "content_type": [
            "accounts",
            "user"
        ],
        "object_id": "48",
        "object_repr": "spicygirl@gmail.com",
        "action_flag": 2,
        "change_message": "[{\"changed\": {\"fields\": [\"Is active\"]}}]"
    }
},
{
    "model": "admin.logentry",
    "pk": 99,
    "fields": {
        "action_time": "2023-02-08T05:06:38.694Z",
        "user": [
            "lastmidnoon1@gmail.com"
        ],
        "content_type": [
            "vendor",
            "vendor"
        ],
        "object_id": "7",
        "object_repr": "Spicy Girl",
        "action_flag": 2,
        "change_message": "[{\"changed\": {\"fields\": [\"Is approved\"]}}]"
    }
},
{
    "model": "admin.logentry",
    "pk": 100,
    "fields": {
        "action_time": "2023-02-08T05:06:40.037Z",
        "user": [
            "lastmidnoon1@gmail.com"
        ],
        "content_type": [
            "vendor",
            "vendor"
        ],
        "object_id": "6",
        "object_repr": "Pepper Twins",
        "action_flag": 2,
        "change_message": "[{\"changed\": {\"fields\": [\"Is approved\"]}}]"
    }
},
{
    "model": "admin.logentry",
    "pk": 101,
    "fields": {
        "action_time": "2023-02-08T05:06:41.564Z",
        "user": [
            "lastmidnoon1@gmail.com"
        ],
        "content_type": [
            "vendor",
            "vendor"
        ],
        "object_id": "5",
        "object_repr": "Happy Lamp",
        "action_flag": 2,
        "change_message": "[{\"changed\": {\"fields\": [\"Is approved\"]}}]"
    }
},
{
    "model": "admin.logentry",
    "pk": 102,
    "fields": {
        "action_time": "2023-02-10T06:12:23.827Z",
        "user": [
            "lastmidnoon1@gmail.com"
        ],
        "content_type": [
            "accounts",
            "userprofile"
        ],
        "object_id": "48",
        "object_repr": "spicygirl@gmail.com",
        "action_flag": 2,
        "change_message": "[]"
    }
},
{
    "model": "admin.logentry",
    "pk": 103,
    "fields": {
        "action_time": "2023-02-10T06:13:08.303Z",
        "user": [
            "lastmidnoon1@gmail.com"
        ],
        "content_type": [
            "accounts",
            "userprofile"
        ],
        "object_id": "47",
        "object_repr": "peppertwins@gmail.com",
        "action_flag": 2,
        "change_message": "[]"
    }
},
{
    "model": "admin.logentry",
    "pk": 104,
    "fields": {
        "action_time": "2023-02-10T06:13:15.970Z",
        "user": [
            "lastmidnoon1@gmail.com"
        ],
        "content_type": [
            "accounts",
            "userprofile"
        ],
        "object_id": "46",
        "object_repr": "happylamp@gmail.com",
        "action_flag": 2,
        "change_message": "[]"
    }
},
{
    "model": "admin.logentry",
    "pk": 105,
    "fields": {
        "action_time": "2023-02-10T06:13:32.964Z",
        "user": [
            "lastmidnoon1@gmail.com"
        ],
        "content_type": [
            "accounts",
            "userprofile"
        ],
        "object_id": "45",
        "object_repr": "third@gmail.com",
        "action_flag": 3,
        "change_message": ""
    }
},
{
    "model": "admin.logentry",
    "pk": 106,
    "fields": {
        "action_time": "2023-02-10T06:13:36.763Z",
        "user": [
            "lastmidnoon1@gmail.com"
        ],
        "content_type": [
            "accounts",
            "userprofile"
        ],
        "object_id": "43",
        "object_repr": "598796750@qq.com",
        "action_flag": 2,
        "change_message": "[]"
    }
},
{
    "model": "admin.logentry",
    "pk": 107,
    "fields": {
        "action_time": "2023-02-10T06:13:40.436Z",
        "user": [
            "lastmidnoon1@gmail.com"
        ],
        "content_type": [
            "accounts",
            "userprofile"
        ],
        "object_id": "42",
        "object_repr": "lastmidnoon@gmail.com",
        "action_flag": 2,
        "change_message": "[]"
    }
},
{
    "model": "admin.logentry",
    "pk": 108,
    "fields": {
        "action_time": "2023-02-10T06:13:43.609Z",
        "user": [
            "lastmidnoon1@gmail.com"
        ],
        "content_type": [
            "accounts",
            "userprofile"
        ],
        "object_id": "39",
        "object_repr": "lastmidnoon1@gmail.com",
        "action_flag": 2,
        "change_message": "[]"
    }
},
{
    "model": "admin.logentry",
    "pk": 109,
    "fields": {
        "action_time": "2023-02-10T06:13:46.674Z",
        "user": [
            "lastmidnoon1@gmail.com"
        ],
        "content_type": [
            "accounts",
            "userprofile"
        ],
        "object_id": "17",
        "object_repr": "yy67@rice.edu",
        "action_flag": 2,
        "change_message": "[]"
    }
},
{
    "model": "admin.logentry",
    "pk": 110,
    "fields": {
        "action_time": "2023-02-10T06:14:03.723Z",
        "user": [
            "lastmidnoon1@gmail.com"
        ],
        "content_type": [
            "accounts",
            "userprofile"
        ],
        "object_id": "43",
        "object_repr": "598796750@qq.com",
        "action_flag": 2,
        "change_message": "[]"
    }
},
{
    "model": "admin.logentry",
    "pk": 111,
    "fields": {
        "action_time": "2023-02-11T21:00:57.166Z",
        "user": [
            "lastmidnoon1@gmail.com"
        ],
        "content_type": [
            "vendor",
            "openinghour"
        ],
        "object_id": "1",
        "object_repr": "OpeningHour object (1)",
        "action_flag": 1,
        "change_message": "[{\"added\": {}}]"
    }
},
{
    "model": "admin.logentry",
    "pk": 112,
    "fields": {
        "action_time": "2023-02-12T02:56:42.072Z",
        "user": [
            "lastmidnoon1@gmail.com"
        ],
        "content_type": [
            "vendor",
            "openinghour"
        ],
        "object_id": "43",
        "object_repr": "Saturday",
        "action_flag": 2,
        "change_message": "[]"
    }
},
{
    "model": "admin.logentry",
    "pk": 113,
    "fields": {
        "action_time": "2023-02-12T03:01:43.323Z",
        "user": [
            "lastmidnoon1@gmail.com"
        ],
        "content_type": [
            "vendor",
            "openinghour"
        ],
        "object_id": "43",
        "object_repr": "Saturday",
        "action_flag": 3,
        "change_message": ""
    }
},
{
    "model": "admin.logentry",
    "pk": 114,
    "fields": {
        "action_time": "2023-02-12T03:01:43.326Z",
        "user": [
            "lastmidnoon1@gmail.com"
        ],
        "content_type": [
            "vendor",
            "openinghour"
        ],
        "object_id": "44",
        "object_repr": "Sunday",
        "action_flag": 3,
        "change_message": ""
    }
},
{
    "model": "admin.logentry",
    "pk": 115,
    "fields": {
        "action_time": "2023-02-12T03:01:43.327Z",
        "user": [
            "lastmidnoon1@gmail.com"
        ],
        "content_type": [
            "vendor",
            "openinghour"
        ],
        "object_id": "29",
        "object_repr": "Sunday",
        "action_flag": 3,
        "change_message": ""
    }
},
{
    "model": "admin.logentry",
    "pk": 116,
    "fields": {
        "action_time": "2023-02-12T20:35:01.627Z",
        "user": [
            "lastmidnoon1@gmail.com"
        ],
        "content_type": [
            "marketplace",
            "tax"
        ],
        "object_id": "1",
        "object_repr": "Taxes",
        "action_flag": 1,
        "change_message": "[{\"added\": {}}]"
    }
},
{
    "model": "admin.logentry",
    "pk": 117,
    "fields": {
        "action_time": "2023-02-12T20:35:19.082Z",
        "user": [
            "lastmidnoon1@gmail.com"
        ],
        "content_type": [
            "marketplace",
            "tax"
        ],
        "object_id": "2",
        "object_repr": "Fees",
        "action_flag": 1,
        "change_message": "[{\"added\": {}}]"
    }
},
{
    "model": "admin.logentry",
    "pk": 118,
    "fields": {
        "action_time": "2023-02-13T07:02:04.692Z",
        "user": [
            "lastmidnoon1@gmail.com"
        ],
        "content_type": [
            "accounts",
            "userprofile"
        ],
        "object_id": "42",
        "object_repr": "lastmidnoon@gmail.com",
        "action_flag": 2,
        "change_message": "[{\"changed\": {\"fields\": [\"Country\"]}}]"
    }
},
{
    "model": "admin.logentry",
    "pk": 119,
    "fields": {
        "action_time": "2023-02-13T07:03:19.802Z",
        "user": [
            "lastmidnoon1@gmail.com"
        ],
        "content_type": [
            "accounts",
            "user"
        ],
        "object_id": "42",
        "object_repr": "lastmidnoon@gmail.com",
        "action_flag": 2,
        "change_message": "[{\"changed\": {\"fields\": [\"Phone number\"]}}]"
    }
},
{
    "model": "admin.logentry",
    "pk": 120,
    "fields": {
        "action_time": "2023-02-13T07:03:28.861Z",
        "user": [
            "lastmidnoon1@gmail.com"
        ],
        "content_type": [
            "accounts",
            "userprofile"
        ],
        "object_id": "42",
        "object_repr": "lastmidnoon@gmail.com",
        "action_flag": 2,
        "change_message": "[{\"changed\": {\"fields\": [\"Country\"]}}]"
    }
},
{
    "model": "admin.logentry",
    "pk": 121,
    "fields": {
        "action_time": "2023-02-19T05:34:05.070Z",
        "user": [
            "lastmidnoon1@gmail.com"
        ],
        "content_type": [
            "orders",
            "order"
        ],
        "object_id": "28",
        "object_repr": "2023021722424028",
        "action_flag": 3,
        "change_message": ""
    }
},
{
    "model": "admin.logentry",
    "pk": 122,
    "fields": {
        "action_time": "2023-02-19T05:34:05.077Z",
        "user": [
            "lastmidnoon1@gmail.com"
        ],
        "content_type": [
            "orders",
            "order"
        ],
        "object_id": "27",
        "object_repr": "2023021623261227",
        "action_flag": 3,
        "change_message": ""
    }
},
{
    "model": "admin.logentry",
    "pk": 123,
    "fields": {
        "action_time": "2023-02-19T05:34:05.078Z",
        "user": [
            "lastmidnoon1@gmail.com"
        ],
        "content_type": [
            "orders",
            "order"
        ],
        "object_id": "26",
        "object_repr": "2023021623135526",
        "action_flag": 3,
        "change_message": ""
    }
},
{
    "model": "admin.logentry",
    "pk": 124,
    "fields": {
        "action_time": "2023-02-19T05:34:05.079Z",
        "user": [
            "lastmidnoon1@gmail.com"
        ],
        "content_type": [
            "orders",
            "order"
        ],
        "object_id": "25",
        "object_repr": "2023021622453325",
        "action_flag": 3,
        "change_message": ""
    }
},
{
    "model": "admin.logentry",
    "pk": 125,
    "fields": {
        "action_time": "2023-02-19T05:34:05.080Z",
        "user": [
            "lastmidnoon1@gmail.com"
        ],
        "content_type": [
            "orders",
            "order"
        ],
        "object_id": "24",
        "object_repr": "2023021622445924",
        "action_flag": 3,
        "change_message": ""
    }
},
{
    "model": "admin.logentry",
    "pk": 126,
    "fields": {
        "action_time": "2023-02-19T05:34:05.080Z",
        "user": [
            "lastmidnoon1@gmail.com"
        ],
        "content_type": [
            "orders",
            "order"
        ],
        "object_id": "23",
        "object_repr": "2023021622254323",
        "action_flag": 3,
        "change_message": ""
    }
},
{
    "model": "admin.logentry",
    "pk": 127,
    "fields": {
        "action_time": "2023-02-19T05:34:05.081Z",
        "user": [
            "lastmidnoon1@gmail.com"
        ],
        "content_type": [
            "orders",
            "order"
        ],
        "object_id": "22",
        "object_repr": "2023021622234522",
        "action_flag": 3,
        "change_message": ""
    }
},
{
    "model": "admin.logentry",
    "pk": 128,
    "fields": {
        "action_time": "2023-02-19T05:34:05.081Z",
        "user": [
            "lastmidnoon1@gmail.com"
        ],
        "content_type": [
            "orders",
            "order"
        ],
        "object_id": "21",
        "object_repr": "2023021622184521",
        "action_flag": 3,
        "change_message": ""
    }
},
{
    "model": "admin.logentry",
    "pk": 129,
    "fields": {
        "action_time": "2023-02-19T05:34:05.082Z",
        "user": [
            "lastmidnoon1@gmail.com"
        ],
        "content_type": [
            "orders",
            "order"
        ],
        "object_id": "20",
        "object_repr": "2023021622174320",
        "action_flag": 3,
        "change_message": ""
    }
},
{
    "model": "admin.logentry",
    "pk": 130,
    "fields": {
        "action_time": "2023-02-19T05:34:05.082Z",
        "user": [
            "lastmidnoon1@gmail.com"
        ],
        "content_type": [
            "orders",
            "order"
        ],
        "object_id": "19",
        "object_repr": "2023021622164819",
        "action_flag": 3,
        "change_message": ""
    }
},
{
    "model": "admin.logentry",
    "pk": 131,
    "fields": {
        "action_time": "2023-02-19T05:34:05.083Z",
        "user": [
            "lastmidnoon1@gmail.com"
        ],
        "content_type": [
            "orders",
            "order"
        ],
        "object_id": "18",
        "object_repr": "2023021622134818",
        "action_flag": 3,
        "change_message": ""
    }
},
{
    "model": "admin.logentry",
    "pk": 132,
    "fields": {
        "action_time": "2023-02-19T05:34:05.083Z",
        "user": [
            "lastmidnoon1@gmail.com"
        ],
        "content_type": [
            "orders",
            "order"
        ],
        "object_id": "17",
        "object_repr": "2023021622093417",
        "action_flag": 3,
        "change_message": ""
    }
},
{
    "model": "admin.logentry",
    "pk": 133,
    "fields": {
        "action_time": "2023-02-19T05:34:05.084Z",
        "user": [
            "lastmidnoon1@gmail.com"
        ],
        "content_type": [
            "orders",
            "order"
        ],
        "object_id": "16",
        "object_repr": "2023021622024116",
        "action_flag": 3,
        "change_message": ""
    }
},
{
    "model": "admin.logentry",
    "pk": 134,
    "fields": {
        "action_time": "2023-02-19T05:34:05.085Z",
        "user": [
            "lastmidnoon1@gmail.com"
        ],
        "content_type": [
            "orders",
            "order"
        ],
        "object_id": "15",
        "object_repr": "2023021621433215",
        "action_flag": 3,
        "change_message": ""
    }
},
{
    "model": "admin.logentry",
    "pk": 135,
    "fields": {
        "action_time": "2023-02-19T05:34:05.085Z",
        "user": [
            "lastmidnoon1@gmail.com"
        ],
        "content_type": [
            "orders",
            "order"
        ],
        "object_id": "14",
        "object_repr": "2023021600265214",
        "action_flag": 3,
        "change_message": ""
    }
},
{
    "model": "admin.logentry",
    "pk": 136,
    "fields": {
        "action_time": "2023-02-19T05:34:05.086Z",
        "user": [
            "lastmidnoon1@gmail.com"
        ],
        "content_type": [
            "orders",
            "order"
        ],
        "object_id": "13",
        "object_repr": "2023021600260113",
        "action_flag": 3,
        "change_message": ""
    }
},
{
    "model": "admin.logentry",
    "pk": 137,
    "fields": {
        "action_time": "2023-02-19T05:34:05.086Z",
        "user": [
            "lastmidnoon1@gmail.com"
        ],
        "content_type": [
            "orders",
            "order"
        ],
        "object_id": "12",
        "object_repr": "2023021600242212",
        "action_flag": 3,
        "change_message": ""
    }
},
{
    "model": "admin.logentry",
    "pk": 138,
    "fields": {
        "action_time": "2023-02-19T05:34:05.087Z",
        "user": [
            "lastmidnoon1@gmail.com"
        ],
        "content_type": [
            "orders",
            "order"
        ],
        "object_id": "11",
        "object_repr": "2023021600233811",
        "action_flag": 3,
        "change_message": ""
    }
},
{
    "model": "admin.logentry",
    "pk": 139,
    "fields": {
        "action_time": "2023-02-19T05:34:05.087Z",
        "user": [
            "lastmidnoon1@gmail.com"
        ],
        "content_type": [
            "orders",
            "order"
        ],
        "object_id": "10",
        "object_repr": "2023021600191110",
        "action_flag": 3,
        "change_message": ""
    }
},
{
    "model": "admin.logentry",
    "pk": 140,
    "fields": {
        "action_time": "2023-02-19T05:34:05.088Z",
        "user": [
            "lastmidnoon1@gmail.com"
        ],
        "content_type": [
            "orders",
            "order"
        ],
        "object_id": "9",
        "object_repr": "202302160011409",
        "action_flag": 3,
        "change_message": ""
    }
},
{
    "model": "admin.logentry",
    "pk": 141,
    "fields": {
        "action_time": "2023-02-19T05:34:05.089Z",
        "user": [
            "lastmidnoon1@gmail.com"
        ],
        "content_type": [
            "orders",
            "order"
        ],
        "object_id": "8",
        "object_repr": "202302160011008",
        "action_flag": 3,
        "change_message": ""
    }
},
{
    "model": "admin.logentry",
    "pk": 142,
    "fields": {
        "action_time": "2023-02-19T05:34:05.090Z",
        "user": [
            "lastmidnoon1@gmail.com"
        ],
        "content_type": [
            "orders",
            "order"
        ],
        "object_id": "7",
        "object_repr": "202302160008197",
        "action_flag": 3,
        "change_message": ""
    }
},
{
    "model": "admin.logentry",
    "pk": 143,
    "fields": {
        "action_time": "2023-02-19T05:34:05.090Z",
        "user": [
            "lastmidnoon1@gmail.com"
        ],
        "content_type": [
            "orders",
            "order"
        ],
        "object_id": "6",
        "object_repr": "202302160008056",
        "action_flag": 3,
        "change_message": ""
    }
},
{
    "model": "admin.logentry",
    "pk": 144,
    "fields": {
        "action_time": "2023-02-19T05:34:05.091Z",
        "user": [
            "lastmidnoon1@gmail.com"
        ],
        "content_type": [
            "orders",
            "order"
        ],
        "object_id": "5",
        "object_repr": "202302160006575",
        "action_flag": 3,
        "change_message": ""
    }
},
{
    "model": "admin.logentry",
    "pk": 145,
    "fields": {
        "action_time": "2023-02-19T05:34:05.091Z",
        "user": [
            "lastmidnoon1@gmail.com"
        ],
        "content_type": [
            "orders",
            "order"
        ],
        "object_id": "4",
        "object_repr": "202302160005544",
        "action_flag": 3,
        "change_message": ""
    }
},
{
    "model": "admin.logentry",
    "pk": 146,
    "fields": {
        "action_time": "2023-02-19T05:34:05.092Z",
        "user": [
            "lastmidnoon1@gmail.com"
        ],
        "content_type": [
            "orders",
            "order"
        ],
        "object_id": "3",
        "object_repr": "202302152236233",
        "action_flag": 3,
        "change_message": ""
    }
},
{
    "model": "admin.logentry",
    "pk": 147,
    "fields": {
        "action_time": "2023-02-19T05:34:05.093Z",
        "user": [
            "lastmidnoon1@gmail.com"
        ],
        "content_type": [
            "orders",
            "order"
        ],
        "object_id": "2",
        "object_repr": "2023021421362",
        "action_flag": 3,
        "change_message": ""
    }
},
{
    "model": "admin.logentry",
    "pk": 148,
    "fields": {
        "action_time": "2023-02-19T05:34:05.093Z",
        "user": [
            "lastmidnoon1@gmail.com"
        ],
        "content_type": [
            "orders",
            "order"
        ],
        "object_id": "1",
        "object_repr": "123",
        "action_flag": 3,
        "change_message": ""
    }
},
{
    "model": "admin.logentry",
    "pk": 149,
    "fields": {
        "action_time": "2023-02-19T05:35:49.442Z",
        "user": [
            "lastmidnoon1@gmail.com"
        ],
        "content_type": [
            "orders",
            "order"
        ],
        "object_id": "30",
        "object_repr": "2423143217438921",
        "action_flag": 1,
        "change_message": "[{\"added\": {}}]"
    }
},
{
    "model": "admin.logentry",
    "pk": 150,
    "fields": {
        "action_time": "2023-02-19T05:36:52.731Z",
        "user": [
            "lastmidnoon1@gmail.com"
        ],
        "content_type": [
            "orders",
            "order"
        ],
        "object_id": "31",
        "object_repr": "431243215435432453",
        "action_flag": 1,
        "change_message": "[{\"added\": {}}]"
    }
},
{
    "model": "admin.logentry",
    "pk": 151,
    "fields": {
        "action_time": "2023-02-19T05:37:45.712Z",
        "user": [
            "lastmidnoon1@gmail.com"
        ],
        "content_type": [
            "orders",
            "order"
        ],
        "object_id": "32",
        "object_repr": "432147391247389",
        "action_flag": 1,
        "change_message": "[{\"added\": {}}]"
    }
},
{
    "model": "admin.logentry",
    "pk": 152,
    "fields": {
        "action_time": "2023-02-19T05:42:05.810Z",
        "user": [
            "lastmidnoon1@gmail.com"
        ],
        "content_type": [
            "orders",
            "order"
        ],
        "object_id": "32",
        "object_repr": "432147391247389",
        "action_flag": 2,
        "change_message": "[{\"changed\": {\"fields\": [\"Vendors\"]}}]"
    }
},
{
    "model": "admin.logentry",
    "pk": 153,
    "fields": {
        "action_time": "2023-02-19T06:01:00.934Z",
        "user": [
            "lastmidnoon1@gmail.com"
        ],
        "content_type": [
            "orders",
            "order"
        ],
        "object_id": "34",
        "object_repr": "2023021823571934",
        "action_flag": 3,
        "change_message": ""
    }
},
{
    "model": "admin.logentry",
    "pk": 154,
    "fields": {
        "action_time": "2023-02-19T06:01:00.936Z",
        "user": [
            "lastmidnoon1@gmail.com"
        ],
        "content_type": [
            "orders",
            "order"
        ],
        "object_id": "33",
        "object_repr": "2023021823542333",
        "action_flag": 3,
        "change_message": ""
    }
},
{
    "model": "admin.logentry",
    "pk": 155,
    "fields": {
        "action_time": "2023-02-20T05:57:56.350Z",
        "user": [
            "lastmidnoon1@gmail.com"
        ],
        "content_type": [
            "orders",
            "order"
        ],
        "object_id": "41",
        "object_repr": "2023021901131841",
        "action_flag": 3,
        "change_message": ""
    }
},
{
    "model": "admin.logentry",
    "pk": 156,
    "fields": {
        "action_time": "2023-02-20T05:57:56.352Z",
        "user": [
            "lastmidnoon1@gmail.com"
        ],
        "content_type": [
            "orders",
            "order"
        ],
        "object_id": "40",
        "object_repr": "2023021901121240",
        "action_flag": 3,
        "change_message": ""
    }
},
{
    "model": "admin.logentry",
    "pk": 157,
    "fields": {
        "action_time": "2023-02-20T05:57:56.352Z",
        "user": [
            "lastmidnoon1@gmail.com"
        ],
        "content_type": [
            "orders",
            "order"
        ],
        "object_id": "39",
        "object_repr": "2023021901115539",
        "action_flag": 3,
        "change_message": ""
    }
},
{
    "model": "admin.logentry",
    "pk": 158,
    "fields": {
        "action_time": "2023-02-20T05:57:56.353Z",
        "user": [
            "lastmidnoon1@gmail.com"
        ],
        "content_type": [
            "orders",
            "order"
        ],
        "object_id": "38",
        "object_repr": "2023021901074238",
        "action_flag": 3,
        "change_message": ""
    }
},
{
    "model": "admin.logentry",
    "pk": 159,
    "fields": {
        "action_time": "2023-02-20T05:57:56.353Z",
        "user": [
            "lastmidnoon1@gmail.com"
        ],
        "content_type": [
            "orders",
            "order"
        ],
        "object_id": "37",
        "object_repr": "2023021900521637",
        "action_flag": 3,
        "change_message": ""
    }
},
{
    "model": "admin.logentry",
    "pk": 160,
    "fields": {
        "action_time": "2023-02-20T05:57:56.354Z",
        "user": [
            "lastmidnoon1@gmail.com"
        ],
        "content_type": [
            "orders",
            "order"
        ],
        "object_id": "36",
        "object_repr": "2023021900504536",
        "action_flag": 3,
        "change_message": ""
    }
},
{
    "model": "admin.logentry",
    "pk": 161,
    "fields": {
        "action_time": "2023-02-20T05:57:56.354Z",
        "user": [
            "lastmidnoon1@gmail.com"
        ],
        "content_type": [
            "orders",
            "order"
        ],
        "object_id": "35",
        "object_repr": "2023021900002235",
        "action_flag": 3,
        "change_message": ""
    }
},
{
    "model": "admin.logentry",
    "pk": 162,
    "fields": {
        "action_time": "2023-02-20T05:57:56.355Z",
        "user": [
            "lastmidnoon1@gmail.com"
        ],
        "content_type": [
            "orders",
            "order"
        ],
        "object_id": "32",
        "object_repr": "432147391247389",
        "action_flag": 3,
        "change_message": ""
    }
},
{
    "model": "admin.logentry",
    "pk": 163,
    "fields": {
        "action_time": "2023-02-20T05:57:56.355Z",
        "user": [
            "lastmidnoon1@gmail.com"
        ],
        "content_type": [
            "orders",
            "order"
        ],
        "object_id": "31",
        "object_repr": "431243215435432453",
        "action_flag": 3,
        "change_message": ""
    }
},
{
    "model": "admin.logentry",
    "pk": 164,
    "fields": {
        "action_time": "2023-02-20T05:57:56.356Z",
        "user": [
            "lastmidnoon1@gmail.com"
        ],
        "content_type": [
            "orders",
            "order"
        ],
        "object_id": "30",
        "object_repr": "2423143217438921",
        "action_flag": 3,
        "change_message": ""
    }
}
]
